links,names,address,ratings,price for two,cuisine
https://www.zomato.com/pune/yakii-deccan-gymkhana/info,Yakii/,N/A,4.3,"₹1,500 for two","Asian, Thai, Sushi, Desserts, Beverages"
https://www.zomato.com/pune/retox-erandwane/info,Retox/,N/A,4.5,"₹1,200 for two","North Indian, Chinese, Continental, Italian, Salad, Bar Food, Sichuan, Beverages"
https://www.zomato.com/pune/chingari-sheraton-grand-bund-garden/info,Chingari - Sheraton Grand/,N/A,4.3,"₹4,000 for two","North Indian, Mughlai, Kebab, Desserts, Beverages, Seafood"
https://www.zomato.com/pune/feast-sheraton-grand-bund-garden/info,Feast - Sheraton Grand/,N/A,4.3,"₹4,000 for two","Chinese, North Indian, Mughlai, Asian, Continental, Salad, Italian, Desserts"
https://www.zomato.com/pune/kyma-mundhwa/info,Kyma/,N/A,New,"₹1,000 for two","Asian, Mediterranean"
https://www.zomato.com/pune/mutuswami-shivaji-nagar/info,Mutuswami/,N/A,3.3,₹300 for two,"South Indian, Maharashtrian, Pizza, Sandwich, Desserts, Beverages, Coffee, Juices"
https://www.zomato.com/pune/world-of-veg-shivaji-nagar/info,World Of Veg/,N/A,4.0,"₹1,800 for two","North Indian, Oriental, Italian, Continental, Chinese, Salad, Fast Food, Beverages"
https://www.zomato.com/pune/lynx-kitchen-bar-1-fc-road/info,LYNX Kitchen & Bar/,N/A,4.5,"₹1,400 for two","Asian, Continental, Middle Eastern, Sushi, Desserts"
https://www.zomato.com/pune/mister-merchants-kalyani-nagar/info,Mister Merchant’s/,N/A,4.8,"₹2,000 for two","Middle Eastern, Arabian, Kebab, Lebanese, Mediterranean"
https://www.zomato.com/pune/culture-pune-fc-road/info,Culture Pune/,N/A,4.2,"₹1,800 for two","Bar Food, Salad, Continental, Italian, Pasta, Fast Food, Beverages"
https://www.zomato.com/pune/kukoo-kalyani-nagar/info,Kukoo/,N/A,New,"₹1,800 for two","Continental, Asian, Italian, Modern Indian, Salad, Desserts"
https://www.zomato.com/pune/akasa-pool-dining-kitchen-wakad/info,Akasa Pool Dining & Kitchen/,N/A,4.2,"₹3,500 for two","Continental, North Indian"
https://www.zomato.com/pune/the-houz-family-kitchen-kalyani-nagar/info,The Houz - Family Kitchen/,N/A,4.3,"₹2,000 for two","North Indian, Continental, Chinese, Italian, Asian, Salad, Tea, Beverages"
https://www.zomato.com/pune/cherie-hinjawadi/info,Cherie/,N/A,4.7,"₹1,900 for two","Asian, Modern Indian, Chinese, Italian, Salad, Continental, Desserts"
https://www.zomato.com/pune/funny-cat-pune-fc-road/info,Funny Cat Pune/,N/A,3.6,"₹1,500 for two","Bar Food, Italian, Asian, Continental, Desserts, Beverages, Fast Food, Burger"
https://www.zomato.com/pune/spice-factory-hinjawadi/info,Spice Factory/,N/A,4.1,"₹1,200 for two","North Indian, Mughlai, Chinese, Biryani, Pizza, Pasta, Beverages"
https://www.zomato.com/pune/dhaba-estd-1986-delhi-senapati-bapat-road/info,Dhaba - Estd 1986 Delhi/,N/A,4.3,"₹2,500 for two","North Indian, Biryani, Mughlai, Paan, Desserts"
https://www.zomato.com/pune/chaurahe-ke-paar-koregaon-park/info,Chaurahe Ke Paar/,N/A,4.4,"₹1,600 for two","North Indian, Continental, Bar Food, Pizza, Italian, Biryani, Mughlai, Cafe"
https://www.zomato.com/pune/mamagoto-senapati-bapat-road/info,Mamagoto/,N/A,4.5,"₹1,200 for two","Asian, Sushi, Japanese, Thai, Salad, Desserts, Chinese"
https://www.zomato.com/pune/cafe-co2-resto-lounge-bhugaon/info,Cafe Co2 Resto Lounge/,N/A,4.4,"₹3,000 for two","North Indian, Mughlai, Chinese, Continental, Kebab, Biryani, Desserts, Beverages"
https://www.zomato.com/pune/babylon-craft-brewery-erandwane/info,Babylon Craft Brewery/,N/A,4.5,"₹1,400 for two","North Indian, Chinese, Continental, Mughlai, Fast Food, Desserts, Beverages"
https://www.zomato.com/pune/elephant-co-baner/info,Elephant & Co./,N/A,4.5,"₹1,800 for two","Continental, Salad, Asian, Italian, Desserts"
https://www.zomato.com/pune/portico-b4m-restaurant-bar-jm-road/info,Portico B4M Restaurant & Bar/,N/A,4.4,"₹1,500 for two","North Indian, Italian, Chinese, Continental, Burger, Bar Food"
https://www.zomato.com/pune/yolo-gastro-lounge-pimple-nilakh/info,YOLO Gastro Lounge/,N/A,4.2,"₹1,900 for two","Finger Food, North Indian, Continental, Desserts, Bar Food, Beverages"
https://www.zomato.com/pune/urban-harvest-sinhgad-road/info,Urban Harvest/,N/A,4.4,"₹1,000 for two","North Indian, Asian, Continental, Chinese, Italian, Biryani, Seafood, Desserts"
https://www.zomato.com/pune/publiq-wakad/info,Publiq/,N/A,4.1,"₹2,000 for two","Asian, North Indian, Italian, Chinese, Biryani, Kebab, Salad, Beverages"
https://www.zomato.com/pune/mahesh-lunch-home-camp-area/info,Mahesh Lunch Home/,N/A,4.2,"₹1,200 for two","North Indian, Mughlai, Street Food, Seafood, Beverages"
https://www.zomato.com/pune/fc-road-social-shivaji-nagar/info,FC Road Social/,N/A,4.2,"₹1,500 for two","North Indian, Biryani, Pizza, Street Food, Bar Food, Desserts"
https://www.zomato.com/pune/tales-spirits-senapati-bapat-road/info,Tales & Spirits/,N/A,4.4,"₹1,800 for two","Italian, Continental, North Indian, Biryani, Pizza, Bar Food, Desserts, Beverages"
https://www.zomato.com/pune/tipsy-turtle-bavdhan/info,Tipsy Turtle/,N/A,4.1,"₹1,400 for two","North Indian, Mughlai, Continental, Asian, Biryani, Pizza, Thai, Desserts"
https://www.zomato.com/pune/tian-the-oriental-kitchen-law-college-road/info,TIAN The Oriental Kitchen/,N/A,4.5,"₹1,200 for two","Oriental, Chinese, Japanese, Asian, Sushi, Seafood"
https://www.zomato.com/pune/indimex-magarpatta/info,Indimex/,N/A,4.4,₹999 for two,"North Indian, Continental, Iranian, Pasta"
https://www.zomato.com/pune/level-5-bistro-and-bar-erandwane/info,Level 5 Bistro and Bar/,N/A,4.8,"₹1,900 for two","North Indian, Asian, Continental, Middle Eastern, Mexican, Desserts, Beverages"
https://www.zomato.com/pune/escada-all-day-kitchen-bar-viman-nagar/info,Escada All Day Kitchen & Bar/,N/A,4.3,"₹1,200 for two","Salad, Chinese, Asian, North Indian, Italian, Oriental"
https://www.zomato.com/pune/paul-mundhwa/info,PAUL/,N/A,4.2,"₹1,100 for two","Cafe, Continental, European, Italian, French, Desserts, Coffee, Beverages"
https://www.zomato.com/pune/agent-jacks-hadapsar/info,Agent Jack's/,N/A,4.4,"₹1,800 for two","Bar Food, North Indian, Pasta, Continental, Thai, Oriental, Chinese, Pizza"
https://www.zomato.com/pune/pan-asia-erandwane/info,Pan Asia/,N/A,4.7,"₹1,200 for two","Asian, Sushi, Momos, North Indian, Seafood, Burger, Desserts"
https://www.zomato.com/pune/affairs-the-bar-kalyani-nagar/info,Affairs - The Bar/,N/A,4.2,"₹2,000 for two","North Indian, Continental, Asian, Pizza, Kebab, Biryani, Desserts, Beverages"
https://www.zomato.com/pune/seoul-bunsik-koregaon-park/info,Seoul Bunsik/,N/A,2.9,₹500 for two,"Cafe, Coffee, Korean"
https://www.zomato.com/pune/texas-tower-kharadi/info,Texas Tower/,N/A,4.3,"₹1,900 for two","North Indian, Chinese, Oriental, Biryani, Mughlai, Mexican, Desserts, Beverages"
https://www.zomato.com/pune/yeti-the-himalayan-kitchen-kalyani-nagar/info,Yeti The Himalayan Kitchen/,N/A,4.3,"₹1,500 for two","Nepalese, Chinese, Tibetan, Momos, Desserts, Shake, Beverages"
https://www.zomato.com/pune/local-gastro-bar-hinjawadi/info,Local Gastro Bar/,N/A,4.1,"₹2,300 for two","Bar Food, Pizza, Beverages"
https://www.zomato.com/pune/subakes-sadashiv-peth/info,Subakes/,N/A,4.3,₹850 for two,"Cafe, Coffee, European, Sandwich, Fast Food, Salad, Italian, Shake"
https://www.zomato.com/pune/fml-food-music-love-nibm-road/info,FML - Food Music Love/,N/A,4.2,"₹1,900 for two","Chinese, Continental, North Indian, Oriental, Italian, Desserts"
https://www.zomato.com/pune/kalinga-restaurant-bar-erandwane/info,Kalinga Restaurant & Bar/,N/A,4.1,"₹1,600 for two","North Indian, Mangalorean, Seafood, Mughlai, Continental, Asian, Chinese, Ice Cream"
https://www.zomato.com/pune/the-cult-terra-magarpatta/info,The Cult - Terra/,N/A,4.2,"₹1,800 for two","Pizza, Continental, North Indian, Chinese, Italian, Bar Food, Desserts, Beverages"
https://www.zomato.com/pune/soy-como-soy-1-kalyani-nagar/info,Soy Como Soy/,N/A,4.7,"₹2,500 for two","Japanese, Asian, Peruvian, Desserts, Beverages"
https://www.zomato.com/pune/gong-baner/info,Gong/,N/A,4.7,"₹2,000 for two","Chinese, Sushi, Asian, Japanese, Thai, Salad, Desserts, Beverages"
https://www.zomato.com/pune/doolally-taproom-1-mundhwa/info,Doolally Taproom/,N/A,4.5,"₹1,000 for two","Continental, Pizza, Fast Food, North Indian, Chinese, Pasta, Desserts, Beverages"
https://www.zomato.com/pune/toit-1-kalyani-nagar/info,Toit/,N/A,4.6,"₹1,800 for two","Continental, Pizza, Fast Food, Desserts"
https://www.zomato.com/pune/toss-pizzeria-bibvewadi/info,Toss Pizzeria/,N/A,4.7,₹600 for two,"Pizza, Italian, Beverages, Cafe, Coffee, Fast Food"
https://www.zomato.com/pune/mekong-folks-balewadi/info,Mekong Folks/,N/A,4.7,"₹2,000 for two","Asian, Cantonese, Sushi, Japanese, Chinese, Salad, Seafood, Beverages"
https://www.zomato.com/pune/barista-coffee-law-college-road/info,Barista Coffee/,N/A,3.9,₹850 for two,"Cafe, Coffee, Desserts"
https://www.zomato.com/pune/ishaara-viman-nagar/info,Ishaara/,N/A,4.6,"₹1,400 for two","North Indian, Mughlai, Kebab, Biryani"
https://www.zomato.com/pune/wynkk-kitchen-bar-aundh/info,Wynkk Kitchen & Bar/,N/A,4.6,"₹1,500 for two","North Indian, Continental, Pizza, Kebab, Thai, Bar Food, Asian, Fast Food"
https://www.zomato.com/pune/sukhi-da-dhaba-wakad/info,Sukhi Da Dhaba/,N/A,4.0,"₹2,000 for two","North Indian, Asian, Mughlai, Fast Food, Biryani, Beverages"
https://www.zomato.com/pune/the-treat-multicuisine-restaurant-sinhgad-road/info,The Treat Multicuisine Restaurant/,N/A,4.4,"₹1,100 for two","North Indian, Chinese, Mughlai, Seafood, Italian, Biryani, Salad, Desserts"
https://www.zomato.com/pune/quarter-bar-kitchen-kharadi/info,Quarter Bar & Kitchen/,N/A,4.4,"₹2,800 for two","North Indian, Chinese, Asian, Fast Food, Desserts"
https://www.zomato.com/pune/nomad-pizza-kalyani-nagar/info,Nomad Pizza/,N/A,4.2,"₹2,000 for two","Pizza, Italian, Continental"
https://www.zomato.com/pune/plink-yerawada/info,Plink/,N/A,4.2,"₹3,000 for two","Italian, Continental, Mughlai, Chinese, Salad, Pizza, Fast Food"
https://www.zomato.com/pune/copa-cabana-pimple-nilakh/info,Copa Cabana/,N/A,4.4,"₹1,900 for two","North Indian, Continental, Asian, Italian, Salad, Biryani, Sandwich, Desserts"
https://www.zomato.com/pune/circuit-house-balewadi/info,Circuit House/,N/A,4.5,"₹1,800 for two","North Indian, Italian, Continental, Chinese, Mughlai, Desserts, Beverages"
https://www.zomato.com/pune/local-gastro-bar-koregaon-park/info,Local Gastro Bar/,N/A,4.1,"₹2,300 for two","Pizza, Bar Food, Beverages"
https://www.zomato.com/pune/amora-skyline-lounge-kitchen-hinjawadi/info,Amora Skyline Lounge & Kitchen/,N/A,4.1,"₹1,000 for two","North Indian, Chinese"
https://www.zomato.com/pune/planet-9-bavdhan/info,Planet 9/,N/A,4.4,"₹2,000 for two","North Indian, Mughlai, Mexican, Biryani, Beverages"
https://www.zomato.com/pune/hard-rock-cafe-2-hadapsar/info,Hard Rock Cafe/,N/A,4.3,"₹1,800 for two","Burger, Italian, Pizza, American, Continental, Desserts"
https://www.zomato.com/pune/high-spirits-mundhwa/info,High Spirits/,N/A,4.3,"₹2,000 for two","North Indian, Continental, Italian, Pasta, Pizza"
https://www.zomato.com/pune/eight-wakad/info,Eight/,N/A,4.5,"₹2,000 for two","Asian, Bar Food, Japanese, Sushi"
https://www.zomato.com/pune/the-corner-lounge-1-baner/info,The Corner Lounge/,N/A,4.6,"₹2,000 for two","North Indian, Oriental, Continental, Mexican, Seafood, Kebab, Biryani, Desserts"
https://www.zomato.com/pune/sreca-rooftop-lounge-pimple-nilakh/info,Sreca Rooftop Lounge/,N/A,4.3,"₹1,000 for two","North Indian, Continental, Asian, Bar Food, Chinese, Pizza, Seafood"
https://www.zomato.com/pune/punjab-exotica-magarpatta/info,Punjab Exotica/,N/A,4.2,"₹1,300 for two","Maharashtrian, North Indian, Seafood, Biryani, Chinese, Pizza, Fast Food, Desserts"
https://www.zomato.com/pune/barbozaa-magarpatta/info,Barbozaa/,N/A,4.5,"₹2,300 for two","Bar Food, Pizza, North Indian, Pasta"
https://www.zomato.com/pune/the-market-the-westin-pune-mundhwa/info,The Market - The Westin Pune/,N/A,4.2,"₹4,000 for two","North Indian, European, Asian, Desserts"
https://www.zomato.com/pune/skylark-hinjawadi/info,Skylark/,N/A,3.8,"₹1,000 for two","North Indian, Chinese"
https://www.zomato.com/pune/tsuki-koregaon-park/info,Tsuki/,N/A,4.4,"₹2,500 for two","Thai, Cantonese, Japanese, Sushi, Rolls, Desserts"
https://www.zomato.com/pune/the-3-musketeers-cafe-bar-hinjawadi/info,The 3 Musketeers Cafe & Bar/,N/A,4.4,"₹1,200 for two","Continental, Chinese, North Indian, Mughlai, Biryani, Italian, Fast Food, Desserts"
https://www.zomato.com/pune/english-house-viman-nagar/info,English House/,N/A,4.5,"₹2,000 for two","North Indian, Continental, Italian, Pizza"
https://www.zomato.com/pune/ava-artisan-kitchen-bar-1-balewadi/info,Ava Artisan Kitchen & Bar/,N/A,New,"₹1,200 for two","North Indian, Chinese, Continental, Sushi, Asian, Italian"
https://www.zomato.com/pune/the-voyage-koregaon-park/info,The Voyage/,N/A,4.5,"₹1,000 for two","Continental, Fast Food, Italian, European, Healthy Food, Desserts, Coffee, Beverages"
https://www.zomato.com/pune/effingut-2-koregaon-park/info,Effingut/,N/A,4.4,"₹2,500 for two","Chinese, Continental, North Indian, Oriental, Finger Food, Italian, Beverages"
https://www.zomato.com/pune/intactu-hinjawadi/info,Intactu/,N/A,4.3,"₹1,500 for two","North Indian, Biryani, Mughlai, Pizza, Pasta, Italian, Fast Food, Desserts"
https://www.zomato.com/pune/dhaba-shaba-veg-bistro-koregaon-park/info,Dhaba Shaba Veg Bistro/,N/A,4.5,₹800 for two,"North Indian, Chinese, Sandwich, Desserts, Beverages"
https://www.zomato.com/pune/barrio-roof-top-kitchen-and-bar-pimple-saudagar/info,Barrio Roof Top Kitchen And Bar/,N/A,4.3,"₹1,800 for two","North Indian, Oriental, Chinese, Biryani, Pizza, Pasta, Seafood, Desserts"
https://www.zomato.com/pune/ishaara-wakad/info,Ishaara/,N/A,4.3,"₹1,400 for two","North Indian, Mughlai, Kebab, Biryani, Desserts, Beverages"
https://www.zomato.com/pune/l7-club-lounge-koregaon-park/info,L7 Club & Lounge/,N/A,4.5,"₹1,300 for two","North Indian, Continental, Finger Food, Biryani"
https://www.zomato.com/pune/acai-dhole-patil-road/info,Acai/,N/A,4.4,"₹2,000 for two","North Indian, Continental, Italian, Pizza, Bar Food"
https://www.zomato.com/pune/talli-koregaon-park/info,Talli/,N/A,4.4,"₹1,600 for two","North Indian, Asian, Continental, Italian, Pizza, Pasta, Bar Food, Beverages"
https://www.zomato.com/pune/abs-absolute-barbecues-hinjawadi/info,AB's - Absolute Barbecues/,N/A,4.6,"₹1,650 for two","Biryani, BBQ, Kebab, North Indian, Desserts"
https://www.zomato.com/pune/the-gulmohar-bar-curry-house-baner/info,The Gulmohar Bar & Curry House/,N/A,4.3,"₹2,100 for two","North Indian, South Indian, Biryani, Continental, Asian, Seafood"
https://www.zomato.com/pune/copper-chimney-1-wakad/info,Copper Chimney/,N/A,4.5,"₹1,000 for two","North Indian, Biryani, Kebab, Chinese, Salad, Desserts"
https://www.zomato.com/pune/bombay-bistro-mahalunge/info,Bombay Bistro/,N/A,4.4,"₹1,000 for two",Bar Food
https://www.zomato.com/pune/braun-autobahn-the-smart-restaurant-viman-nagar/info,Braun Autobahn - The Smart Restaurant/,N/A,4.6,"₹1,600 for two","Chinese, North Indian, Asian, Rolls, Beverages"
https://www.zomato.com/pune/the-square-novotel-wadgaon-sheri/info,The Square - Novotel/,N/A,4.0,"₹3,200 for two","North Indian, European, Continental, Chinese, Mediterranean, Asian, Italian, Fast Food"
https://www.zomato.com/pune/toscano-koregaon-park/info,Toscano/,N/A,4.7,"₹1,800 for two","Italian, Pizza, Pasta, Continental, Desserts, Steak, Seafood, Beverages"
https://www.zomato.com/pune/aromas-hyderabad-house-phase-1-hinjawadi/info,Aroma's Hyderabad House - Phase 1/,N/A,4.1,"₹1,300 for two","Biryani, Kebab, North Indian, Mughlai, Seafood, Chinese, Beverages"
https://www.zomato.com/pune/qora-cocktail-bar-kitchen-koregaon-park/info,QORA - Cocktail Bar & Kitchen/,N/A,4.5,"₹2,500 for two","Continental, Asian, Salad, Biryani, Sushi, Desserts"
https://www.zomato.com/pune/2bhk-diner-key-club-bund-garden/info,2BHK Diner & Key Club/,N/A,4.2,"₹3,000 for two","North Indian, Mediterranean, European, Finger Food, Italian, American, Beverages"
https://www.zomato.com/pune/la-sicilia-bistro-patisserie-kothrud/info,La Sicilia Bistro & Patisserie/,N/A,4.3,"₹1,400 for two","Continental, Italian, Salad, Sandwich, Burger, Desserts, Coffee, Beverages"
https://www.zomato.com/pune/teddys-kitchen-and-bar-dange-chowk/info,Teddys Kitchen And Bar/,N/A,4.2,"₹1,700 for two","North Indian, Seafood, Continental"
https://www.zomato.com/pune/the-daily-all-day-1-koregaon-park/info,The Daily All Day/,N/A,4.5,"₹1,200 for two","European, Asian, Continental, Italian, Salad, Pizza, Desserts"
https://www.zomato.com/pune/rajdhani-viman-nagar/info,Rajdhani/,N/A,4.1,"₹1,100 for two","North Indian, Gujarati, Rajasthani, Mithai"
https://www.zomato.com/pune/butter-bar-kitchen-balewadi/info,Butter - Bar & Kitchen/,N/A,4.4,"₹1,800 for two","Asian, Italian, Chinese, Sushi, Japanese, Beverages"
https://www.zomato.com/pune/shizusan-viman-nagar/info,Shizusan/,N/A,4.6,"₹1,900 for two","Japanese, Asian, Chinese, Thai, Desserts"
https://www.zomato.com/pune/the-game-palacio-dhole-patil-road/info,The Game Palacio/,N/A,4.3,"₹1,400 for two","Pizza, Sushi, Asian, Italian"
https://www.zomato.com/pune/you-mee-viman-nagar/info,You Mee/,N/A,4.6,"₹2,500 for two","Asian, Japanese, Sushi, Desserts, Beverages"
https://www.zomato.com/pune/nativ-baner/info,Nativ/,N/A,4.5,"₹1,800 for two","North Indian, Mughlai, Continental, Chinese, Asian, Biryani, Bar Food"
https://www.zomato.com/pune/cha-cha-cha-dimsum-sushi-stir-fry-viman-nagar/info,"Cha Cha Cha - Dimsum, Sushi, Stir Fry/",N/A,4.5,"₹1,400 for two","Asian, Chinese, Salad, Desserts"
https://www.zomato.com/pune/si-nonnas-the-original-sourdough-pizza-fc-road/info,Si Nonna's - The Original Sourdough Pizza/,N/A,4.4,₹800 for two,Pizza
https://www.zomato.com/pune/the-break-room-nibm-road/info,The Break Room/,N/A,4.2,"₹1,900 for two","North Indian, Continental, Pasta, Desserts, Beverages"
https://www.zomato.com/IrishHousePune/info,The Irish House/,N/A,4.3,"₹2,500 for two","Continental, Burger, Pizza, Desserts, Beverages"
https://www.zomato.com/pune/bacharika-rooftop-bar-and-kitchen-kothrud/info,Bacharika- Rooftop Bar And Kitchen/,N/A,4.5,"₹1,900 for two","North Indian, Continental, Chinese, Middle Eastern, European, Fast Food, Desserts, Beverages"
https://www.zomato.com/pune/teera-wakad/info,Teera/,N/A,4.1,"₹1,800 for two","North Indian, Continental, Mughlai, Chinese, Fast Food, Desserts, Beverages, Shake"
https://www.zomato.com/pune/angrezi-dhaba-baner/info,Angrezi Dhaba/,N/A,New,"₹1,600 for two","Modern Indian, Bar Food, Chinese, Pasta, Seafood, Asian, Desserts, Beverages"
https://www.zomato.com/pune/skye-rooftop-by-eternia-magarpatta/info,SKYE - Rooftop By Eternia/,N/A,4.3,"₹1,100 for two","North Indian, Chinese, Oriental, Continental, Italian, Mughlai, Kebab, Desserts"
https://www.zomato.com/pune/roots-9-kitchen-bar-erandwane/info,Roots 9 Kitchen & Bar/,N/A,4.1,"₹1,700 for two","Asian, Salad, Continental, North Indian, Mughlai, Seafood, Desserts, Beverages"
https://www.zomato.com/pune/h1-lounge-ravet/info,H1 Lounge/,N/A,4.5,"₹2,000 for two","Continental, North Indian, Oriental, Modern Indian, Italian, Pizza, Pasta, Desserts"
https://www.zomato.com/pune/the-3-musketeers-pub-viman-nagar/info,The 3 Musketeers Pub/,N/A,4.3,"₹1,700 for two","North Indian, Continental, Oriental, Pasta"
https://www.zomato.com/pune/asia-kitchen-by-mainland-china-wakad/info,Asia Kitchen By Mainland China/,N/A,4.5,"₹1,500 for two","Asian, Chinese, Sushi, Thai, Japanese, Beverages"
https://www.zomato.com/pune/beetroot-bistro-koregaon-park/info,Beetroot Bistro/,N/A,4.3,"₹1,600 for two","Healthy Food, Chinese, Sandwich, Italian, Fast Food, Continental, Desserts, Beverages"
https://www.zomato.com/pune/tyk-tyk-2-kharadi/info,Tyk Tyk/,N/A,4.3,"₹1,000 for two","North Indian, Chinese, Biryani, South Indian, Momos, Street Food, Desserts, Beverages"
https://www.zomato.com/pune/24k-kraft-brewzz-viman-nagar/info,24K Kraft Brewzz/,N/A,4.3,"₹1,700 for two","Chinese, Fast Food, North Indian, Seafood, Mughlai, Biryani, Italian, Asian"
https://www.zomato.com/pune/sante-spa-cuisine-baner/info,Sante Spa Cuisine/,N/A,4.5,"₹1,200 for two","Cafe, Healthy Food, Mediterranean, Continental, Desserts"
https://www.zomato.com/pune/al-di-la-conrad-pune-bund-garden/info,Al Di La - Conrad Pune/,N/A,4.7,"₹5,500 for two","Italian, Bar Food, Desserts, Beverages"
https://www.zomato.com/pune/backstage-viman-nagar/info,Backstage/,N/A,4.2,"₹2,600 for two","North Indian, Salad, Chinese, Mughlai, Pizza, Fast Food, Thai, Beverages"
https://www.zomato.com/pune/xero-degrees-deccan-gymkhana/info,Xero Degrees/,N/A,4.4,₹800 for two,"Cafe, Fast Food, Salad, Pizza, Burger, Waffle, Shake, Beverages"
https://www.zomato.com/pune/ttf-the-tenth-floor-baner/info,TTF - The Tenth Floor/,N/A,4.1,"₹1,800 for two","Finger Food, Chinese, Pizza, Italian, North Indian, Oriental, Bar Food, Beverages"
https://www.zomato.com/pune/terrace-by-bailamos-balewadi/info,Terrace By Bailamos/,N/A,4.2,"₹3,000 for two",Asian
https://www.zomato.com/pune/prems-baner/info,Prem's/,N/A,4.3,"₹1,600 for two","North Indian, Chinese, Continental, Pizza, Pasta, Sichuan"
https://www.zomato.com/pune/mainland-china-senapati-bapat-road/info,Mainland China/,N/A,4.5,"₹2,000 for two","Chinese, Japanese, Korean, Sushi, Seafood, Oriental, Beverages, Bar Food"
https://www.zomato.com/pune/sarovarr-a-multi-cuisine-restaurant-bhugaon/info,Sarovarr A Multi Cuisine Restaurant/,N/A,3.8,"₹1,200 for two","North Indian, Chinese, Continental, Fast Food, Biryani, Seafood"
https://www.zomato.com/pune/maharaja-bhog-senapati-bapat-road/info,Maharaja Bhog/,N/A,4.6,"₹1,400 for two",North Indian
https://www.zomato.com/pune/le-parc-hinjawadi/info,Le Parc/,N/A,4.2,"₹1,200 for two","North Indian, Chinese, Oriental, Italian, American, Salad, Desserts, Beverages"
https://www.zomato.com/pune/we-idliwale-barroom-balewadi/info,We Idliwale Barroom/,N/A,4.2,"₹1,500 for two","South Indian, Biryani, Desserts"
https://www.zomato.com/pune/thikana-hinjawadi/info,Thikana/,N/A,4.2,"₹1,800 for two","North Indian, Italian, Pasta, Continental, Pizza, Biryani, Beverages"
https://www.zomato.com/pune/code-the-speakeasy-bar-kothrud/info,Code - The Speakeasy Bar/,N/A,4.3,"₹1,200 for two","North Indian, Chinese, Continental, Fast Food, Biryani, Beverages"
https://www.zomato.com/pune/barzilla-club-hinjawadi/info,Barzilla Club/,N/A,4.2,"₹2,300 for two","North Indian, Bar Food"
https://www.zomato.com/pune/sheri-mundhwa/info,Sheri/,N/A,4.4,"₹1,700 for two","Continental, North Indian, Italian, Asian, Thai, Chinese, Biryani, Desserts"
https://www.zomato.com/pune/the-sassy-spoon-koregaon-park/info,The Sassy Spoon/,N/A,4.5,"₹1,900 for two","European, Continental, American, Asian, Mediterranean, Healthy Food, Italian, Beverages"
https://www.zomato.com/pune/neighbourhud-all-day-bistro-1-baner/info,Neighbourhud | All Day Bistro/,N/A,4.5,"₹1,500 for two","North Indian, Biryani, Fast Food, Pizza, Continental, Beverages"
https://www.zomato.com/pune/murphies-bistro-and-bar-deccan-gymkhana/info,Murphies - Bistro and Bar/,N/A,4.4,"₹1,200 for two","European, Continental, Asian, Bakery, Pasta, Coffee, Desserts, Salad"
https://www.zomato.com/pune/the-urban-foundry-balewadi/info,The Urban Foundry/,N/A,4.5,"₹2,500 for two","Bar Food, North Indian, Pizza, Fast Food, Desserts, Beverages"
https://www.zomato.com/pune/caffe-allora-wakad/info,Caffe Allora/,N/A,4.4,"₹1,000 for two","Italian, Seafood, Pasta, Pizza, Sandwich, Salad, Desserts"
https://www.zomato.com/thecafe/info,Pune 14 - Hyatt Regency/,N/A,4.1,"₹3,700 for two","North Indian, Asian, Continental"
https://www.zomato.com/pune/atmosphere-6-viman-nagar/info,Atmosphere 6/,N/A,4.2,"₹2,000 for two","North Indian, Continental, Chinese, Salad, Oriental"
https://www.zomato.com/pune/persian-darbar-camp-area/info,Persian Darbar/,N/A,4.5,"₹1,200 for two","North Indian, Mughlai, Kebab, Biryani, Seafood, Chinese, Desserts, Beverages"
https://www.zomato.com/pune/allora-viman-nagar/info,Allora/,N/A,4.5,"₹2,000 for two","Pizza, Italian, Pasta"
https://www.zomato.com/pune/casa-del-queso-koregaon-park/info,Casa Del Queso/,N/A,4.5,"₹1,000 for two","Italian, Pizza, Fast Food"
https://www.zomato.com/pune/skol-shivaji-nagar/info,Skol/,N/A,4.4,"₹1,700 for two","North Indian, Continental, Oriental, Pizza, Asian, Finger Food, Desserts, Beverages"
https://www.zomato.com/pune/i-amsterdam-hinjawadi/info,I Amsterdam/,N/A,4.4,"₹1,700 for two","Asian, North Indian, European"
https://www.zomato.com/pune/boho-boho-1-koregaon-park/info,Boho Boho/,N/A,4.4,₹950 for two,"Continental, Healthy Food, Salad, Pizza, Sandwich, Desserts, Coffee, Beverages"
https://www.zomato.com/pune/bmg-unplugged-hadapsar/info,BMG - Unplugged/,N/A,4.3,"₹1,300 for two","Finger Food, Chinese, Continental, Pizza, Pasta, Oriental, Seafood, Beverages"
https://www.zomato.com/pune/marine-drive-resto-skybar-hinjawadi/info,Marine Drive Resto & Skybar/,N/A,New,"₹1,500 for two","Chinese, North Indian"
https://www.zomato.com/pune/prysm-hinjawadi/info,Prysm/,N/A,4.2,"₹1,800 for two","Asian, North Indian, Salad, Pasta, Pizza, Momos, Biryani, Mughlai"
https://www.zomato.com/pune/tgi-fridays-senapati-bapat-road/info,TGI Fridays/,N/A,4.2,"₹2,000 for two","American, Mexican, Pizza, Continental, Desserts, Beverages"
https://www.zomato.com/pune/the-barkhana-wakad/info,The Barkhana/,N/A,4.6,"₹2,000 for two","Bar Food, Mughlai, Chinese, North Indian, Fast Food, Desserts, Beverages, Sichuan"
https://www.zomato.com/pune/favela-hinjawadi/info,Favela/,N/A,4.3,"₹1,500 for two","Continental, North Indian, Chinese, Pizza, Fast Food, Biryani, Desserts, Bar Food"
https://www.zomato.com/pune/sky-deck-bhosari/info,Sky Deck/,N/A,4.2,"₹1,300 for two","North Indian, Chinese, Pasta, Fast Food, Mughlai, Desserts, Beverages"
https://www.zomato.com/pune/zeta-hyatt-regency-pune-viman-nagar/info,Zeta - Hyatt Regency Pune/,N/A,4.5,"₹3,000 for two","Continental, Italian, Seafood, Coffee, Tea, Desserts, Beverages"
https://www.zomato.com/pune/dobaraa-viman-nagar/info,Dobaraa/,N/A,4.5,"₹3,500 for two","North Indian, Continental"
https://www.zomato.com/pune/3-idiots-the-friendly-bar-pimple-gurav/info,3 Idiots - The Friendly Bar/,N/A,4.4,"₹1,600 for two","North Indian, Continental, Biryani, Chinese, Fast Food, Desserts, Beverages"
https://www.zomato.com/pune/le-plaisir-deccan-gymkhana/info,Le Plaisir/,N/A,4.6,"₹1,200 for two","Cafe, Italian, Continental, Salad, Sandwich, Pizza, Beverages, Shake"
https://www.zomato.com/pune/eskobar-baner/info,Eskobar/,N/A,4.2,"₹1,900 for two","North Indian, Pizza, Pasta, Biryani, Desserts, Beverages"
https://www.zomato.com/pune/paasha-jw-marriott-pune-senapati-bapat-road/info,Paasha - JW Marriott Pune/,N/A,4.5,"₹4,000 for two","North Indian, Kebab, Desserts"
https://www.zomato.com/pune/360-degree-the-revolving-fine-dine-restaurant-jm-road/info,360 Degree - The Revolving Fine Dine Restaurant/,N/A,4.0,"₹1,400 for two",Beverages
https://www.zomato.com/pune/parsley-haute-cuisine-swargate/info,Parsley Haute Cuisine/,N/A,4.4,"₹1,100 for two","Italian, Continental, Chinese, Asian, Sushi, North Indian, Desserts, Beverages"
https://www.zomato.com/pune/si-nonnas-the-original-sourdough-pizza-salunkhe-vihar-road/info,Si Nonna's The Original Sourdough Pizza/,N/A,4.4,"₹1,000 for two","Pizza, Italian"
https://www.zomato.com/pune/the-wise-guys-wakad/info,The Wise Guys/,N/A,4.5,"₹1,700 for two","North Indian, Chinese, Pasta, Fast Food, Bar Food, Desserts, Shake, Beverages"
https://www.zomato.com/pune/aarvis-pure-veg-kondhwa/info,Aarvi’s Pure Veg/,N/A,4.5,"₹1,000 for two","North Indian, Chinese, Street Food, Desserts"
https://www.zomato.com/pune/gola-sizzlers-viman-nagar/info,Gola Sizzlers/,N/A,3.9,"₹1,500 for two","North Indian, Pizza, Pasta, Fast Food, Chinese, Continental, Shake, Beverages"
https://www.zomato.com/pune/pergola-de-pines-kalyani-nagar/info,Pergola De Pines/,N/A,3.8,"₹1,400 for two","Italian, North Indian, Goan, Thai, Korean, Lebanese, Continental, Desserts"
https://www.zomato.com/pune/hapaa-asian-stir-1-kalyani-nagar/info,Hapaa - Asian Stir/,N/A,4.6,"₹2,000 for two","Asian, Japanese, Chinese, Sushi, Desserts, Beverages"
https://www.zomato.com/pune/azzurro-pimple-nilakh/info,Azzurro/,N/A,4.2,"₹1,200 for two","Fast Food, Chinese, North Indian, Biryani, Continental, Asian, Desserts, Beverages"
https://www.zomato.com/pune/hoomans-all-day-bar-balewadi/info,Hoomans- All Day Bar/,N/A,4.5,"₹1,200 for two","Oriental, Chinese, Continental, Pasta, Seafood, North Indian, Desserts, Beverages"
https://www.zomato.com/pune/shreeji-pure-veg-katraj/info,Shreeji Pure Veg/,N/A,4.1,₹500 for two,"North Indian, Street Food, Chinese, Beverages, Desserts, Shake, Sichuan"
https://www.zomato.com/pune/unicorn-house-kalyani-nagar/info,Unicorn House/,N/A,4.0,"₹1,800 for two","North Indian, Sichuan, Asian, Italian, Bar Food"
https://www.zomato.com/pune/barometer-kothrud/info,Barometer/,N/A,4.6,"₹2,500 for two","Continental, Asian, North Indian, Sichuan, Pizza"
https://www.zomato.com/pune/the-white-house-aundh/info,The White House/,N/A,4.4,"₹1,500 for two","North Indian, Kebab, Mughlai, Thai, Italian, Continental, Desserts, Beverages"
https://www.zomato.com/pune/independence-brewing-company-kalyani-nagar/info,Independence Brewing Company/,N/A,4.9,"₹2,500 for two","Bar Food, Continental, Fast Food, Salad, Desserts, Beverages"
https://www.zomato.com/pune/the-camden-lane-koregaon-park/info,The Camden Lane/,N/A,4.1,"₹1,500 for two","Continental, Mexican"
https://www.zomato.com/pune/malaka-spice-koregaon-park/info,Malaka Spice/,N/A,4.6,"₹1,800 for two","Asian, Thai, Salad, Seafood, Sushi, Desserts"
https://www.zomato.com/pune/chulbul-dhaba-kharadi/info,Chulbul Dhaba/,N/A,4.0,"₹1,000 for two","North Indian, Chinese, Mughlai, Biryani, Bakery, Desserts, Beverages"
https://www.zomato.com/pune/santorini-by-hilton-garden-inn-hinjawadi/info,Santorini by Hilton Garden Inn/,N/A,4.1,"₹3,500 for two","Mediterranean, Continental, Salad, Pasta, Sandwich, Pizza, Desserts"
https://www.zomato.com/pune/bharat-bhavan-balewadi/info,Bharat Bhavan/,N/A,4.3,"₹1,900 for two","North Indian, Mughlai, Awadhi, Goan, Lucknowi, Kashmiri, Beverages, Desserts"
https://www.zomato.com/pune/tatva-the-vegetarian-kitchen-wakad/info,Tatva The Vegetarian Kitchen/,N/A,4.2,"₹1,000 for two","North Indian, Chinese, South Indian, Biryani, Street Food, Fast Food, Oriental, Beverages"
https://www.zomato.com/pune/e-square-the-fern-shivaji-nagar/info,E-Square The Fern/,N/A,4.1,₹950 for two,"North Indian, Fast Food, Desserts, Beverages"
https://www.zomato.com/pune/kiko-bar-grill-akurdi/info,Kiko - Bar & Grill/,N/A,New,"₹1,500 for two","Thai, Chinese, Fast Food, Seafood, Desserts, Beverages"
https://www.zomato.com/pune/hakuna-matata-shivaji-nagar/info,Hakuna Matata/,N/A,4.2,"₹1,900 for two","North Indian, Chinese, Fast Food, Sichuan, Street Food, Pizza, Seafood"
https://www.zomato.com/pune/poult-wakad/info,Poult/,N/A,3.9,"₹1,000 for two","North Indian, Burger, Wraps, Fast Food, Shake, Beverages"
https://www.zomato.com/pune/tim-hortons-1-balewadi/info,Tim Hortons/,N/A,4.1,₹700 for two,"Coffee, Cafe, Beverages, Desserts, Sandwich, Fast Food"
https://www.zomato.com/pune/little-italy-kondhwa/info,Little Italy/,N/A,4.1,"₹1,300 for two","Italian, Pizza, Pasta, Continental, Desserts, Healthy Food, Beverages"
https://www.zomato.com/pune/the-ruby-hilltop-sunnys-world-sus/info,The Ruby Hilltop - Sunny's World/,N/A,4.4,"₹1,600 for two","Bar Food, Chinese, North Indian, Asian, Italian, Mughlai, Beverages, Desserts"
https://www.zomato.com/pune/bailamos-alfresco-dance-baner/info,Bailamos Alfresco & Dance/,N/A,4.5,"₹2,000 for two","Italian, Bar Food, North Indian, Chinese, Japanese, Biryani, Fast Food, Desserts"
https://www.zomato.com/pune/hotel-shreyas-deccan-gymkhana/info,Hotel Shreyas/,N/A,4.2,₹800 for two,"Maharashtrian, North Indian, Sandwich, Street Food, Fast Food, Desserts, Beverages"
https://www.zomato.com/pune/steakhouse-bar-grill-kalyani-nagar/info,Steakhouse Bar & Grill/,N/A,4.9,"₹1,200 for two","Steak, Continental, Fast Food, Beverages"
https://www.zomato.com/pune/bird-valley-hinjawadi/info,Bird Valley/,N/A,4.3,"₹1,800 for two","North Indian, Chinese, Continental, Mughlai, Kebab, Biryani, Desserts, Beverages"
https://www.zomato.com/pune/farmaaish-1-viman-nagar/info,Farmaaish/,N/A,4.2,"₹1,300 for two","Continental, Bar Food, North Indian, Mughlai, Asian, Chinese, Desserts, Beverages"
https://www.zomato.com/pune/dossai-flavours-of-south-baner/info,Dossai Flavours Of South/,N/A,4.0,₹300 for two,"South Indian, Beverages"
https://www.zomato.com/pune/nawab-asia-1-baner/info,Nawab Asia/,N/A,4.4,"₹1,600 for two","North Indian, Chinese, Mughlai, Biryani, Seafood, Desserts, Beverages"
https://www.zomato.com/pune/deli-belly-1-nigdi/info,Deli Belly/,N/A,4.2,₹400 for two,"North Indian, Biryani, Chinese, Fast Food, Street Food, Desserts, Beverages"
https://www.zomato.com/pune/chafa-cafe-and-studio-koregaon-park/info,Chafa Cafe And Studio/,N/A,4.3,"₹1,200 for two","Healthy Food, Continental, Italian, Fast Food, Sandwich, Desserts, Beverages"
https://www.zomato.com/pune/the-rustle-nest-baner/info,The Rustle Nest/,N/A,4.4,₹950 for two,"Continental, North Indian, European, Biryani, Pasta, Sandwich, Desserts, Beverages"
https://www.zomato.com/pune/pizzaexpress-balewadi/info,PizzaExpress/,N/A,4.2,"₹1,400 for two","Pizza, Italian, Salad, Bakery, Beverages, Coffee, Pasta, Cafe"
https://www.zomato.com/pune/mad-house-grill-koregaon-park/info,Mad House Grill/,N/A,4.1,"₹1,600 for two","Continental, Steak, Salad, Fast Food, Seafood, Desserts, Beverages"
https://www.zomato.com/pune/pop-tates-viman-nagar/info,Pop Tate's/,N/A,4.6,"₹1,400 for two","North Indian, Chinese, Italian, Biryani, Pizza, Pasta, Fast Food, Beverages"
https://www.zomato.com/pune/si-nonnas-the-original-sourdough-pizza-wakad/info,Si Nonna’s - The Original Sourdough Pizza/,N/A,4.5,"₹1,300 for two","Cafe, Italian, Pizza, Desserts"
https://www.zomato.com/pune/exotica-yerawada/info,Exotica/,N/A,4.4,"₹2,000 for two","North Indian, Chinese, Kebab, Mughlai, Biryani, Pasta, Oriental, Desserts"
https://www.zomato.com/pune/mocha-1-koregaon-park/info,Mocha/,N/A,4.2,"₹1,200 for two","Cafe, Continental, European, Salad, Asian, Desserts"
https://www.zomato.com/pune/babas-1-baner/info,Baba's/,N/A,New,"₹1,000 for two","North Indian, Chinese, Kebab, Biryani, Beverages"
https://www.zomato.com/pune/ya-basa-kitchen-bar-kharadi/info,Ya Basa- Kitchen & Bar/,N/A,4.3,"₹1,200 for two","North Indian, Continental, Seafood, Oriental, Biryani, Kebab, Beverages"
https://www.zomato.com/pune/cafe-warm-gloves-bibvewadi/info,Cafe Warm Gloves/,N/A,4.0,₹600 for two,"Cafe, Coffee, Sandwich, Pizza, Pasta, Fast Food, Shake, Tea"
https://www.zomato.com/pune/global-punjab-wakad/info,Global Punjab/,N/A,4.0,"₹1,100 for two","North Indian, Mughlai, Kebab, Seafood, Biryani, Chinese, Desserts, Beverages"
https://www.zomato.com/pune/pimlico-koregaon-park/info,Pimlico/,N/A,4.1,"₹1,200 for two","Cafe, Italian, Beverages, Pizza, Sushi, Continental, Salad, Fast Food"
https://www.zomato.com/pune/tim-luck-luck-east-street/info,Tim Luck Luck/,N/A,4.4,"₹1,200 for two","Asian, North Indian, Chinese, Biryani, Desserts, Beverages"
https://www.zomato.com/pune/the-7a-restaurant-bar-kharadi/info,The 7A Restaurant & Bar/,N/A,4.4,"₹2,500 for two","North Indian, Continental, Chinese, Italian, Finger Food, Bar Food, Beverages, Pizza"
https://www.zomato.com/pune/crazanto-viman-nagar/info,Crazanto/,N/A,4.2,"₹1,000 for two","North Indian, Continental, Italian, Desserts"
https://www.zomato.com/pune/q-bar-cafe-mundhwa/info,Q Bar & Cafe/,N/A,4.5,"₹1,600 for two","North Indian, Italian, Pizza, Japanese, Continental, Desserts, Beverages"
https://www.zomato.com/pune/yks-sizzlers-multi-cuisine-erandwane/info,YKS Sizzlers Multi Cuisine/,N/A,4.4,"₹1,000 for two","Maharashtrian, North Indian, Biryani, Seafood, Mughlai, Kebab"
https://www.zomato.com/pune/the-eatery-four-points-by-sheraton-1-viman-nagar/info,The Eatery - Four Points by Sheraton/,N/A,4.1,"₹3,000 for two","North Indian, Asian, Italian"
https://www.zomato.com/pune/hippie-@-heart-deccan-gymkhana/info,Hippie @ Heart/,N/A,4.4,"₹1,600 for two","Finger Food, Italian, Continental, Fast Food, BBQ, Desserts, Beverages"
https://www.zomato.com/pune/german-bakery-lonavala/info,German Bakery/,N/A,3.8,"₹1,300 for two","Italian, Sandwich, Pizza, Continental, Coffee, Beverages"
https://www.zomato.com/pune/springrose-restaurant-and-banquets-wakad/info,Springrose Restaurant And Banquets/,N/A,4.5,"₹1,200 for two","South Indian, Continental, Oriental, North Indian"
https://www.zomato.com/pune/high-garden-1-senapati-bapat-road/info,High Garden/,N/A,4.4,"₹1,400 for two","North Indian, Chinese, Italian, Biryani, Desserts, Bar Food, Finger Food, Kebab"
https://www.zomato.com/pune/hotel-rajbhog-pure-veg-wanowrie/info,Hotel Rajbhog Pure Veg/,N/A,3.9,"₹1,200 for two","North Indian, South Indian, Biryani, Chinese, Fast Food, Juices, Desserts, Beverages"
https://www.zomato.com/pune/punjab-grill-viman-nagar/info,Punjab Grill/,N/A,4.2,"₹2,500 for two","North Indian, Kebab, Biryani, Mughlai"
https://www.zomato.com/pune/classico-kitchen-bar-erandwane/info,Classico Kitchen & Bar/,N/A,4.7,"₹1,800 for two","Fast Food, Chinese, Salad, Continental, Italian, Pasta, Pizza, North Indian"
https://www.zomato.com/pune/uncles-chinese-viman-nagar/info,Uncle's Chinese/,N/A,4.3,"₹1,200 for two","Chinese, Oriental, Seafood, Beverages"
https://www.zomato.com/pune/soy-affair-baner/info,Soy Affair/,N/A,4.5,"₹1,000 for two","Asian, Thai, Chinese, Seafood"
https://www.zomato.com/pune/taco-tequila-co-kalyani-nagar/info,Taco & Tequila Co/,N/A,4.5,"₹1,000 for two",Mexican
https://www.zomato.com/pune/the-terrace-bar-hyatt-pune-kalyani-nagar/info,The Terrace Bar - Hyatt Pune/,N/A,4.4,"₹2,500 for two","Beverages, Bar Food, Continental, Cuisine Varies, Fast Food, Spanish"
https://www.zomato.com/pune/darshan-baner/info,Darshan/,N/A,4.5,₹950 for two,"Continental, North Indian, Chinese, Mexican, Fast Food, Desserts, Juices, Beverages"
https://www.zomato.com/pune/fish-curry-rice-kothrud/info,Fish Curry Rice/,N/A,4.4,"₹1,400 for two","Seafood, Maharashtrian, North Indian"
https://www.zomato.com/pune/le-stone-ravet/info,Le Stone/,N/A,4.3,"₹1,800 for two","North Indian, Kebab, Biryani, Asian, Continental, Italian, Mexican, Desserts"
https://www.zomato.com/pune/café-88-hyatt-pune-kalyani-nagar/info,Café 88 - Hyatt Pune/,N/A,3.9,"₹3,500 for two","Continental, North Indian, Italian, Healthy Food, Fast Food, Desserts, Beverages"
https://www.zomato.com/pune/backstage-nibm-road/info,Backstage/,N/A,4.1,"₹1,200 for two","Continental, North Indian, Mughlai, Seafood, Biryani, Chinese, Fast Food, Desserts"
https://www.zomato.com/pune/coriander-kitchen-conrad-pune-bund-garden/info,Coriander Kitchen - Conrad Pune/,N/A,4.5,"₹5,000 for two","North Indian, Asian, Mediterranean, Shake"
https://www.zomato.com/pune/anglo-indian-lonavala/info,Anglo Indian/,N/A,4.4,"₹1,400 for two","BBQ, Street Food, Fast Food, Salad, Burger, Pizza, Desserts, Beverages"
https://www.zomato.com/pune/the-flour-works-kalyani-nagar/info,The Flour Works/,N/A,4.2,"₹1,800 for two","European, Italian, Healthy Food, Salad, Sandwich, Pizza, Desserts, Beverages"
https://www.zomato.com/pune/copper-chimney-viman-nagar/info,Copper Chimney/,N/A,4.4,"₹1,600 for two","North Indian, Kebab, Biryani, Mughlai, Desserts, Beverages"
https://www.zomato.com/pune/ora-skybar-kitchen-wakad/info,Ora Skybar & Kitchen/,N/A,New,"₹1,800 for two","North Indian, BBQ, Chinese, Continental, Asian, Pizza"
https://www.zomato.com/pune/swig-1-baner/info,Swig/,N/A,4.3,"₹1,800 for two","Continental, Asian, Italian, Japanese, Pizza, Fast Food, Sushi, Beverages"
https://www.zomato.com/pune/good-news-dhaba-yerawada/info,Good News Dhaba/,N/A,4.3,"₹1,600 for two","North Indian, Mughlai, Seafood, Biryani, Desserts, Beverages"
https://www.zomato.com/pune/copa-villa-pimple-nilakh/info,Copa Villa/,N/A,4.4,"₹1,400 for two","North Indian, Asian, Continental, Salad, Seafood, Pasta, Pizza, Oriental"
https://www.zomato.com/pune/highland-kalyani-nagar/info,Highland/,N/A,New,"₹2,300 for two","Bar Food, North Indian, Asian, Chinese, Pizza, Pasta, Kebab"
https://www.zomato.com/pune/the-lcr-gymkhana-law-college-road/info,The LCR Gymkhana/,N/A,4.4,"₹1,100 for two","North Indian, Chinese, Continental, Oriental, Biryani, Street Food, Desserts, Beverages"
https://www.zomato.com/pune/wow-momo-kothrud/info,WOW! Momo/,N/A,3.8,₹400 for two,"Momos, Fast Food, Chinese, Tibetan, Sichuan, Beverages, Desserts"
https://www.zomato.com/pune/fatcook-baner/info,Fatcook/,N/A,4.3,₹700 for two,"Italian, Mexican, Oriental, Pasta, North Indian, Kebab, Desserts, Beverages"
https://www.zomato.com/pune/fat-pigeon-bar-hop-kalyani-nagar/info,Fat Pigeon - Bar Hop/,N/A,4.3,"₹1,500 for two","Bar Food, Continental, Italian, Asian, Mediterranean, South Indian, Coffee, Modern Indian"
https://www.zomato.com/pune/mikachi-club-bar-kitchen-kharadi/info,Mikachi Club Bar & Kitchen/,N/A,4.1,"₹2,000 for two","North Indian, Biryani, Chinese, Continental, Fast Food, Seafood, Mughlai, Pizza"
https://www.zomato.com/pune/the-beans-talk-cafe-viman-nagar/info,The Beans Talk Cafe/,N/A,4.3,₹950 for two,"Cafe, Coffee, Italian, Mexican, American, Pizza, Desserts, Beverages"
https://www.zomato.com/pune/punes-royal-pimple-nilakh/info,Pune's Royal/,N/A,4.6,"₹1,300 for two","North Indian, Chinese, Mughlai, Oriental, Continental, Seafood, Japanese, Desserts"
https://www.zomato.com/pune/the-verandah-erandwane/info,The Verandah/,N/A,3.6,"₹1,000 for two","Maharashtrian, Fast Food, South Indian, Desserts, Beverages, Sandwich, North Indian, Street Food"
https://www.zomato.com/pune/gung-the-palace-mahalunge/info,Gung The Palace/,N/A,New,"₹2,000 for two",Korean
https://www.zomato.com/pune/mystic-flavours-warje/info,Mystic Flavours/,N/A,4.2,"₹1,000 for two","Continental, Modern Indian, Asian, Oriental"
https://www.zomato.com/pune/indian-thali-house-hinjawadi/info,Indian Thali House/,N/A,4.0,₹500 for two,"North Indian, Chinese, Beverages, Sichuan"
https://www.zomato.com/pune/trp-the-rooftop-project-mg-road/info,TRP - The Rooftop Project/,N/A,4.3,"₹1,400 for two","North Indian, Asian, Italian, Chinese, Seafood, Biryani, Salad, Desserts"
https://www.zomato.com/pune/chilis-american-grill-bar-viman-nagar/info,Chili's American Grill & Bar/,N/A,4.4,"₹1,700 for two","American, Mexican, Tex-Mex, Salad, Desserts"
https://www.zomato.com/pune/1bhk-superbar-baner/info,1BHK Superbar/,N/A,4.4,"₹2,500 for two","North Indian, Asian, Italian, European, Continental, Mediterranean, American, Seafood"
https://www.zomato.com/pune/sukanta-deccan-gymkhana/info,Sukanta/,N/A,4.2,₹850 for two,"North Indian, Gujarati, Maharashtrian, Street Food, Desserts, Beverages"
https://www.zomato.com/pune/melange-kitchen-kharadi/info,Melange Kitchen/,N/A,New,₹800 for two,"Chinese, Continental, Italian, Mexican, Arabian, Fast Food, Desserts, Beverages"
https://www.zomato.com/pune/c-dock-hinjawadi/info,C - Dock/,N/A,4.1,"₹1,500 for two",Bar Food
https://www.zomato.com/pune/hotel-silver-seven-akurdi/info,Hotel Silver Seven/,N/A,4.1,₹850 for two,"Chinese, Seafood, Kebab, Asian, North Indian, Biryani, Desserts, Beverages"
https://www.zomato.com/pune/rhythm-rooftop-kitchen-bar-pimple-saudagar/info,Rhythm Rooftop Kitchen & Bar/,N/A,4.3,"₹1,400 for two","North Indian, Continental, Oriental, Chinese, Fast Food, Biryani"
https://www.zomato.com/pune/flechazo-wakad/info,Flechazo/,N/A,4.3,"₹1,800 for two","North Indian, Mediterranean, Fast Food, Italian, Desserts, Beverages"
https://www.zomato.com/pune/the-mafia-sky-lounge-chandan-nagar/info,The Mafia Sky Lounge/,N/A,New,"₹1,800 for two","Continental, North Indian, Oriental, Chinese, Seafood, Kebab, Desserts"
https://www.zomato.com/pune/amani-pimpri/info,Amani/,N/A,4.4,"₹1,500 for two",Continental
https://www.zomato.com/pune/danonna-pizzeria-deccan-gymkhana/info,Da'nonna Pizzeria/,N/A,4.3,₹450 for two,"Pizza, Italian, Fast Food, Beverages"
https://www.zomato.com/pune/singh-saab-the-paratha-house-balewadi/info,Singh Saab The Paratha House/,N/A,3.8,₹500 for two,"North Indian, Chinese, Street Food, Beverages"
https://www.zomato.com/pune/cloud-99-hinjawadi/info,Cloud 99/,N/A,4.5,"₹1,200 for two","North Indian, Mughlai, Seafood, Italian, Japanese, Chinese, Salad, Desserts"
https://www.zomato.com/pune/teritree-hadapsar/info,Teritree/,N/A,4.4,"₹1,900 for two","North Indian, Chinese, Continental, Italian, Mughlai, Desserts, Beverages"
https://www.zomato.com/pune/wow-china-1-aundh/info,WOW! China/,N/A,4.0,₹600 for two,"Chinese, Oriental, Asian, Sichuan, Seafood, Momos"
https://www.zomato.com/pune/burger-since-1989-east-street/info,Burger - Since 1989/,N/A,4.2,₹250 for two,"Burger, Fast Food"
https://www.zomato.com/pune/spice-kitchen-jw-marriott-pune-senapati-bapat-road/info,Spice Kitchen - JW Marriott Pune/,N/A,4.5,"₹3,800 for two","Italian, Asian, North Indian, South Indian, European"
https://www.zomato.com/pune/cafe-paashh-kalyani-nagar/info,Cafe Paashh/,N/A,4.8,"₹1,800 for two","Cafe, Beverages"
https://www.zomato.com/pune/flamingo-globally-inspired-food-kothrud/info,Flamingo Globally Inspired Food/,N/A,4.1,"₹1,100 for two","Mexican, Mediterranean, Asian"
https://www.zomato.com/pune/gilt-club-kharadi/info,Gilt Club/,N/A,3.9,"₹1,500 for two","North Indian, Continental, Biryani, Mughlai, Bar Food, Chinese, Kebab, Fast Food"
https://www.zomato.com/pune/elrow-kalyani-nagar/info,Elrow/,N/A,4.2,"₹1,900 for two","Continental, Chinese, North Indian, Bar Food"
https://www.zomato.com/pune/aromas-cafe-bistro-baner/info,Aromas Cafe & Bistro/,N/A,4.5,"₹1,000 for two","Cafe, Coffee, Tea, Shake, Lebanese, Italian, Mexican, Desserts"
https://www.zomato.com/pune/top-87-the-other-place-ravet/info,Top 87 - The Other Place/,N/A,4.4,"₹1,200 for two","North Indian, Chinese, Oriental, Kebab, Biryani"
https://www.zomato.com/pune/oliva-veg-karve-nagar/info,Oliva Veg/,N/A,4.4,"₹1,300 for two","North Indian, Italian, Chinese"
https://www.zomato.com/pune/evviva-sky-lounge-crowne-plaza-pune-city-centre-bund-garden/info,Evviva Sky Lounge - Crowne Plaza Pune City Centre/,N/A,4.3,"₹3,000 for two","Asian, Mughlai, Continental"
https://www.zomato.com/pune/pots-plates-viman-nagar/info,Pots & Plates/,N/A,3.8,"₹1,000 for two","North Indian, Pizza"
https://www.zomato.com/pune/di-mora-dhole-patil-road/info,Di Mora/,N/A,4.2,"₹3,000 for two","North Indian, Chinese, Italian, Sushi, Desserts"
https://www.zomato.com/pune/the-b5-rooftop-lounge-bar-expressway/info,The B5 Rooftop Lounge & Bar/,N/A,4.1,"₹1,500 for two","Continental, North Indian, Mexican, Italian, Chinese"
https://www.zomato.com/pune/flock-balewadi/info,Flock/,N/A,4.1,"₹2,000 for two","Asian, Bar Food, Continental, North Indian, Beverages"
https://www.zomato.com/pune/cobbler-crew-kalyani-nagar/info,Cobbler & Crew/,N/A,4.8,"₹2,000 for two","Modern Indian, Continental, Asian"
https://www.zomato.com/pune/fyole-cafe-wakad/info,Fyole Cafe/,N/A,3.9,₹600 for two,"Pizza, Desserts, Bakery, Sandwich, Salad"
https://www.zomato.com/pune/lapicio-balewadi/info,L'Apicio/,N/A,4.5,"₹1,800 for two","European, Mediterranean, Continental, Desserts"
https://www.zomato.com/pune/aasmana-the-ritz-carlton-yerawada/info,Aasmana: The Ritz-Carlton/,N/A,4.5,"₹3,500 for two","North Indian, Kebab, Biryani, Mughlai, Seafood"
https://www.zomato.com/pune/kks-kitchen-multicuisine-restaurant-wagholi/info,KKS' Kitchen Multicuisine Restaurant/,N/A,4.0,₹700 for two,"Chinese, Mughlai, Seafood, Maharashtrian, Beverages"
https://www.zomato.com/pune/green-signal-deccan-gymkhana/info,Green Signal/,N/A,3.8,"₹1,200 for two","Chinese, North Indian, Continental, South Indian, Pizza, Desserts, Beverages"
https://www.zomato.com/pune/baan-tao-hyatt-pune-kalyani-nagar/info,Baan Tao - Hyatt Pune/,N/A,4.3,"₹3,000 for two","Chinese, Thai, Asian, Salad, Desserts"
https://www.zomato.com/pune/ventana-viman-nagar/info,Ventana/,N/A,4.5,"₹1,200 for two","North Indian, European, Continental, Asian, Fast Food, Cafe, Coffee, Beverages"
https://www.zomato.com/pune/bai-mu-dan-koregaon-park/info,Bai Mu Dan/,N/A,3.9,₹950 for two,"Cafe, Coffee, Tea, Healthy Food, Beverages"
https://www.zomato.com/pune/soul-neighbour-food-bar-viman-nagar/info,SOUL - Neighbour Food Bar/,N/A,4.5,"₹1,000 for two","Chinese, Thai, Asian, Sichuan"
https://www.zomato.com/pune/tqc-the-quarter-company-viman-nagar/info,TQC - The Quarter Company/,N/A,4.2,"₹1,200 for two","North Indian, Rolls, European, Italian, Pizza, Salad, Beverages"
https://www.zomato.com/pune/déjà-vu-bistro-hinjawadi/info,Déjà Vu Bistro/,N/A,4.0,"₹1,200 for two","Continental, North Indian, Biryani, Pizza, Pasta, Fast Food, Desserts"
https://www.zomato.com/pune/rohi-gourmet-bistro-hinjawadi/info,Rohi Gourmet Bistro/,N/A,4.5,"₹1,300 for two","Continental, Oriental, Seafood, Desserts"
https://www.zomato.com/pune/incognito-restaurant-bar-cafe-balewadi/info,Incognito - Restaurant Bar & Cafe/,N/A,4.4,"₹2,500 for two","Continental, Asian, Italian, Thai, North Indian, Biryani, Desserts, Beverages"
https://www.zomato.com/pune/barbeque-nation-kalyani-nagar/info,Barbeque Nation/,N/A,4.5,"₹2,300 for two","North Indian, BBQ, Biryani, Kebab, Continental, Chinese, Beverages, Desserts"
https://www.zomato.com/pune/twelve-21-ravet/info,Twelve 21/,N/A,4.3,"₹1,400 for two","North Indian, Fast Food, Italian, Chinese, Malwani, Desserts, Beverages"
https://www.zomato.com/pune/ram-sadan-pure-veg-restaurant-deccan-gymkhana/info,Ram Sadan Pure Veg Restaurant/,N/A,3.0,"₹1,000 for two",North Indian
https://www.zomato.com/pune/mountain-goat-koregaon-park/info,Mountain Goat/,N/A,4.2,"₹1,000 for two","Nepalese, Tibetan, Asian, Thai"
https://www.zomato.com/pune/the-pluvian-cafe-all-day-dining-kothrud/info,The Pluvian Cafe: All Day Dining/,N/A,New,"₹1,000 for two","Continental, Desserts, Coffee"
https://www.zomato.com/pune/dilli-darbar-kharadi/info,Dilli Darbar/,N/A,3.8,"₹1,000 for two","North Indian, Chinese"
https://www.zomato.com/pune/moscow-your-everyday-bar-baner/info,Moscow - Your Everyday Bar/,N/A,3.7,"₹1,500 for two","Salad, Bar Food, Continental, Italian, Pizza, Chinese, Modern Indian, Desserts"
https://www.zomato.com/pune/the-bnr-gymkhana-baner/info,The BNR Gymkhana/,N/A,4.5,"₹1,500 for two","Continental, Italian, Chinese, Salad, Fast Food, Pancake, Desserts, Beverages"
https://www.zomato.com/pune/circle-of-crust-salunkhe-vihar-road/info,Circle Of Crust/,N/A,4.2,₹400 for two,"Pizza, Fast Food"
https://www.zomato.com/pune/saaki-resto-bar-wakad/info,Saaki Resto Bar/,N/A,4.1,"₹1,600 for two","Maharashtrian, Bar Food, North Indian, Biryani, Chinese, Seafood, Kebab, Beverages"
https://www.zomato.com/pune/yeti-and-the-monk-khadki/info,Yeti And The Monk/,N/A,4.7,₹500 for two,"Tibetan, Vietnamese"
https://www.zomato.com/pune/bombon-1-koregaon-park/info,Bombon/,N/A,New,"₹1,200 for two","Cafe, Coffee"
https://www.zomato.com/pune/rangla-punjab-pimple-saudagar/info,Rangla Punjab/,N/A,4.2,"₹1,400 for two","North Indian, Bar Food, Chinese, Kebab, Mughlai, Street Food, Beverages"
https://www.zomato.com/pune/hidden-place-the-hang-out-balewadi/info,Hidden Place - The Hang-out/,N/A,4.2,"₹1,200 for two","Fast Food, Pizza, Continental, Bar Food, Beverages"
https://www.zomato.com/pune/hyde-kitchen-bar-expressway/info,HYDE - Kitchen & Bar/,N/A,4.3,"₹1,800 for two","North Indian, Mughlai, Chinese, Pasta, Fast Food, Salad, Sichuan, Desserts"
https://www.zomato.com/pune/pasco-an-epitome-of-wine-dine-pimple-saudagar/info,Pasco - An Epitome Of Wine & Dine/,N/A,4.4,"₹1,700 for two","North Indian, Italian, Seafood, Chinese, Oriental, Kebab, Biryani, Desserts"
https://www.zomato.com/pune/shiv-sagar-viman-nagar/info,Shiv Sagar/,N/A,3.8,"₹1,100 for two","North Indian, South Indian, Chinese, Sandwich, Street Food, Pizza, Desserts, Beverages"
https://www.zomato.com/pune/quench-aundh/info,Quench/,N/A,4.2,₹950 for two,"Asian, Kebab, Finger Food, Continental, Thai, Desserts"
https://www.zomato.com/pune/cafe-blu-by-radisson-blu-hinjewadi-hinjawadi/info,Cafe Blu by Radisson Blu Hinjewadi/,N/A,New,"₹1,000 for two","North Indian, South Indian, Biryani, Goan, Maharashtrian, Pizza, Desserts"
https://www.zomato.com/pune/grandmamas-cafe-koregaon-park/info,Grandmama's Cafe/,N/A,3.6,"₹1,000 for two","Pasta, Pizza, Coffee, Cafe, Desserts, Beverages, Italian"
https://www.zomato.com/pune/pind-punjab-mg-road/info,Pind Punjab/,N/A,4.3,"₹1,300 for two","North Indian, Mughlai, Kebab, Biryani, Chinese, Desserts, Beverages"
https://www.zomato.com/pune/portico-sayaji-hotel-wakad/info,Portico - Sayaji Hotel/,N/A,4.5,"₹2,400 for two","North Indian, Asian, Fast Food, Salad, South Indian, Bar Food, Beverages"
https://www.zomato.com/pune/the-soundtrack-cafe-pimple-nilakh/info,The Soundtrack Cafe/,N/A,4.4,₹850 for two,"Cafe, Coffee, Beverages, Continental, Italian, Fast Food"
https://www.zomato.com/pune/barbeque-ville-wakad/info,Barbeque Ville/,N/A,4.3,"₹1,600 for two","North Indian, Desserts"
https://www.zomato.com/pune/burger-craft-aundh/info,Burger Craft/,N/A,4.7,₹850 for two,"Burger, Fast Food, Desserts, Beverages"
https://www.zomato.com/pune/baraza-bars-bites-yerawada/info,Baraza Bars & Bites/,N/A,4.4,"₹2,000 for two","Bar Food, Continental, Asian, North Indian, Kebab, Biryani, Desserts, Beverages"
https://www.zomato.com/pune/blue-tokai-coffee-roasters-shivaji-nagar/info,Blue Tokai Coffee Roasters/,N/A,4.0,₹600 for two,"Cafe, Coffee, Beverages"
https://www.zomato.com/pune/mambos-lakeside-cafe-bhugaon/info,Mambos Lakeside Cafe/,N/A,4.0,"₹1,200 for two","North Indian, Chinese, Biryani, Konkan, Fast Food, Desserts"
https://www.zomato.com/pune/boteco-tapas-bar-grill-koregaon-park/info,Boteco - Tapas Bar & Grill/,N/A,4.8,"₹3,000 for two","Brazilian, Bar Food, Seafood, Burger"
https://www.zomato.com/pune/oven-fresh-lonavala/info,Oven Fresh/,N/A,3.5,"₹1,000 for two","South Indian, North Indian, Italian, Asian, Gujarati, European, Pasta, Desserts"
https://www.zomato.com/pune/urbo-baner/info,Urbo/,N/A,4.3,"₹2,000 for two","North Indian, Mughlai, Asian, Pizza, Italian, Chinese, Biryani, Desserts"
https://www.zomato.com/pune/koji-conrad-pune-bund-garden/info,Koji - Conrad Pune/,N/A,4.7,"₹5,000 for two","Chinese, Japanese, Thai, Asian, Sichuan"
https://www.zomato.com/pune/laa-unico-swargate/info,Laa Unico/,N/A,4.4,"₹1,800 for two","Italian, Mexican, Continental, North Indian, Chinese, Pizza, Salad, Desserts"
https://www.zomato.com/pune/dehaati-deccan-gymkhana/info,Dehaati/,N/A,3.3,"₹1,200 for two",Maharashtrian
https://www.zomato.com/pune/the-1st-brewhouse-the-corinthians-nibm-road/info,The 1st Brewhouse - The Corinthians/,N/A,4.3,"₹2,500 for two","Finger Food, North Indian, Fast Food, Beverages"
https://www.zomato.com/pune/faro-the-sky-bar-pimpri/info,Faro The Sky Bar/,N/A,4.3,₹450 for two,"Mexican, Salad"
https://www.zomato.com/pune/café-brewing-italiana-veg-italian-cafe-jm-road/info,Café Brewing Italiana – Veg. Italian Cafe/,N/A,4.2,"₹1,000 for two","Cafe, Coffee, Pizza, Pasta, Italian, Desserts, Shake, Beverages"
https://www.zomato.com/pune/masakha-seafood-resto-bar-narhe/info,Masakha - Seafood Resto & Bar/,N/A,4.3,"₹1,700 for two","North Indian, Seafood, Chinese, Asian, Mughlai, Sichuan"
https://www.zomato.com/pune/desi-eats-wakad/info,Desi Eats/,N/A,3.9,₹400 for two,"North Indian, Street Food"
https://www.zomato.com/pune/crustini-pizzeria-and-cafe-wakad/info,Crustini - Pizzeria And Cafe/,N/A,4.0,₹600 for two,"Pizza, Pasta, Salad, Sandwich, Beverages"
https://www.zomato.com/pune/game-on-sports-kitchen-bar-chinchwad/info,Game On Sports Kitchen & Bar/,N/A,3.9,"₹1,400 for two","Continental, North Indian, Chinese, Pizza"
https://www.zomato.com/pune/la-castle-narhe/info,La Castle/,N/A,4.2,"₹1,000 for two",North Indian
https://www.zomato.com/pune/azul-brews-bites-viman-nagar/info,Azul - Brews & Bites/,N/A,4.6,"₹1,000 for two","Cafe, Beverages, Tea, Shake, Sandwich, Italian, Burger, Pizza"
https://www.zomato.com/pune/kerala-cafe-1-kalyani-nagar/info,Kerala Cafe/,N/A,4.2,"₹1,500 for two","Kerala, Seafood, Biryani, Beverages"
https://www.zomato.com/pune/loco-otro-aundh/info,Loco Otro/,N/A,4.5,"₹1,500 for two","Bar Food, Continental, Italian, Mexican, Salad, Seafood, Desserts, Beverages"
https://www.zomato.com/pune/kiro-kitchen-and-bar-hinjawadi/info,Kiro Kitchen And Bar/,N/A,4.1,"₹1,200 for two","Italian, Seafood, Asian, North Indian, Sushi, Bar Food, Desserts"
https://www.zomato.com/pune/mr-and-mrs-idly-bibvewadi/info,Mr And Mrs Idly/,N/A,4.0,₹350 for two,"South Indian, Chinese, Beverages"
https://www.zomato.com/pune/lola-cafe-and-bar-lonavala/info,Lola Cafe and Bar/,N/A,4.1,"₹1,200 for two","Chinese, Pizza, Fast Food, North Indian, Pasta, Italian, Bakery"
https://www.zomato.com/pune/the-soul-plate-shivaji-nagar/info,The Soul Plate/,N/A,3.9,"₹1,000 for two","Cafe, Coffee, North Indian, Asian, Pizza, Pasta, Pancake, Beverages"
https://www.zomato.com/pune/poetry-by-love-and-cheesecake-balewadi/info,Poetry by Love and Cheesecake/,N/A,4.3,"₹1,800 for two","Desserts, Cafe, Bakery, Continental, Beverages, Pasta, Finger Food, Coffee"
https://www.zomato.com/pune/air-o-sinhgad-road/info,Air O/,N/A,4.3,"₹1,600 for two","North Indian, Kebab, Seafood, Continental, Pizza, Pasta, Oriental, Beverages"
https://www.zomato.com/pune/mosaic-crowne-plaza-pune-city-centre-bund-garden/info,Mosaic - Crowne Plaza Pune City Centre/,N/A,4.0,"₹3,000 for two","North Indian, Fast Food, American, Beverages, Desserts, Asian"
https://www.zomato.com/pune/heads-up-rooftop-1-sinhgad-road/info,Heads Up Rooftop/,N/A,4.1,"₹2,000 for two","North Indian, Continental, Italian, Kebab, Fast Food, Pizza, Desserts"
https://www.zomato.com/pune/empire-garden-restaurant-bar-wakad/info,Empire Garden Restaurant & Bar/,N/A,4.3,"₹1,500 for two","North Indian, Chinese, Biryani, Seafood, Italian, Oriental, Desserts, Beverages"
https://www.zomato.com/pune/durvankur-sadashiv-peth/info,Durvankur/,N/A,4.1,₹750 for two,Maharashtrian
https://www.zomato.com/pune/wok-toss-shivaji-nagar/info,Wok Toss/,N/A,4.4,₹700 for two,"Chinese, Thai, Sushi, Desserts"
https://www.zomato.com/pune/rks-family-restro-bar-narhe/info,RK'S Family Restro & Bar/,N/A,4.4,"₹1,200 for two","North Indian, Chinese, Kebab, Mughlai"
https://www.zomato.com/pune/bob-and-brews-baner/info,BOB And Brews/,N/A,4.1,"₹1,000 for two","Finger Food, North Indian, Seafood, Chinese"
https://www.zomato.com/pune/oblique-kitchen-kothrud/info,Oblique Kitchen/,N/A,4.1,"₹1,700 for two","Continental, Asian"
https://www.zomato.com/pune/zen-cafe-koregaon-park/info,Zen Cafe/,N/A,4.4,₹950 for two,"Cafe, Sushi, Continental, Italian, Beverages"
https://www.zomato.com/pune/george-restaurant-camp-area/info,George Restaurant/,N/A,3.9,"₹1,400 for two","Biryani, North Indian, Chinese, Mughlai, Continental, Kebab, Desserts, Beverages"
https://www.zomato.com/pune/three-kitchens-restaurant-and-bar-the-ritz-carlton-yerawada/info,Three Kitchens Restaurant And Bar: The Ritz-Carlton/,N/A,4.9,"₹4,700 for two","North Indian, Biryani, Continental, Italian, Pizza, Fast Food, Desserts, Beverages"
https://www.zomato.com/pune/cafe-kathaa-fc-road/info,Cafe Kathaa/,N/A,4.1,₹850 for two,"Cafe, Continental, Desserts, Chinese, Salad, Italian, Fast Food, Beverages"
https://www.zomato.com/pune/communion-cafe-lohegaon/info,Communion Cafe/,N/A,4.1,"₹1,300 for two","Cafe, Coffee, Continental, Mexican, Salad, Desserts, Beverages"
https://www.zomato.com/pune/the-burger-terrain-2-viman-nagar/info,The Burger Terrain/,N/A,3.9,₹450 for two,"Burger, Wraps, Fast Food, Shake, Beverages"
https://www.zomato.com/pune/grey-soul-coffee-roasters-koregaon-park/info,Grey Soul Coffee Roasters/,N/A,4.1,₹950 for two,"Cafe, Desserts, Coffee, Beverages, Italian"
https://www.zomato.com/pune/flavours-of-andhra-kharadi/info,Flavours Of Andhra/,N/A,3.6,"₹1,000 for two","North Indian, Biryani, Andhra, Seafood, Mughlai, Desserts"
https://www.zomato.com/pune/ice-n-fire-sky-lounge-baner/info,Ice N Fire Sky Lounge/,N/A,4.3,"₹1,800 for two","Bar Food, Continental, North Indian, Pizza, Burger, Pasta, Chinese, Desserts"
https://www.zomato.com/pune/bangalore-tiffin-room-model-colony/info,Bangalore Tiffin Room/,N/A,3.9,₹250 for two,South Indian
https://www.zomato.com/pune/the-french-window-patisserie-koregaon-park/info,The French Window Patisserie/,N/A,4.6,₹700 for two,"Cafe, Desserts, French, Bakery, European, Shake"
https://www.zomato.com/pune/nh-37-dhaba-model-colony/info,NH 37 Dhaba/,N/A,4.0,"₹1,400 for two","Chinese, Asian, Bengali, North Indian, Biryani"
https://www.zomato.com/pune/the-boho-house-balewadi/info,The Boho House/,N/A,New,"₹1,400 for two","Continental, Italian, Chinese, Sushi, Sandwich, Burger, Desserts"
https://www.zomato.com/pune/sky-stories-baner/info,Sky Stories/,N/A,4.3,"₹1,800 for two","Italian, Continental, North Indian, Mughlai, Biryani, Oriental, Bar Food, Desserts"
https://www.zomato.com/pune/farm-paradise-mulshi/info,Farm Paradise/,N/A,4.2,"₹1,000 for two","Maharashtrian, North Indian, Mughlai, Seafood, Korean, Pizza, Fast Food, Desserts"
https://www.zomato.com/pune/thalis-tempttation-wadgaon-sheri/info,Thali's Tempttation/,N/A,3.8,₹550 for two,"North Indian, Chinese, Continental, Pizza, Pasta"
https://www.zomato.com/pune/smoor-koregaon-park/info,Smoor/,N/A,4.3,"₹1,100 for two","Asian, Salad, Pizza, Sandwich, Burger, Desserts, Beverages"
https://www.zomato.com/pune/hotel-sandeep-jm-road/info,Hotel Sandeep/,N/A,3.2,"₹1,400 for two","Maharashtrian, North Indian, Chinese, Mughlai"
https://www.zomato.com/pune/savya-rasa-koregaon-park/info,Savya Rasa/,N/A,4.7,"₹2,500 for two","South Indian, Mangalorean, Kerala, Chettinad, Biryani, Desserts, Beverages"
https://www.zomato.com/pune/24-carat-lounge-bar-bhugaon/info,24 Carat Lounge & Bar/,N/A,4.9,"₹2,500 for two","North Indian, Mughlai, Chinese, Seafood, Continental, Desserts, Beverages"
https://www.zomato.com/pune/charcoal-the-sizzling-sensation-sus/info,Charcoal The Sizzling Sensation/,N/A,4.2,"₹1,200 for two","North Indian, Mughlai, BBQ, Italian, Biryani, Kebab, Salad"
https://www.zomato.com/pune/bao-story-1-hinjawadi/info,Bao Story/,N/A,4.1,"₹1,200 for two",Asian
https://www.zomato.com/pune/rio-kitchen-bar-1-hinjawadi/info,Rio Kitchen & Bar/,N/A,4.0,"₹1,400 for two","Chinese, Continental, Pasta, North Indian, Salad, BBQ, Fast Food, Beverages"
https://www.zomato.com/pune/the-chickster-indo-american-fried-chicken-koregaon-park/info,The Chickster-Indo American Fried Chicken/,N/A,4.3,₹400 for two,"Burger, Fast Food, Wraps, American, Coffee"
https://www.zomato.com/pune/delilah-kitchen-bar-karve-nagar/info,Delilah Kitchen & Bar/,N/A,4.0,"₹1,500 for two","North Indian, Continental, Oriental, Chinese, Beverages"
https://www.zomato.com/pune/house-of-veg-1-erandwane/info,House Of Veg/,N/A,3.6,"₹1,000 for two","North Indian, Oriental, Continental, Pasta, Pizza, Sandwich, Desserts, Shake"
https://www.zomato.com/pune/ek-punjab-dhaba-pimple-saudagar/info,Ek Punjab Dhaba/,N/A,4.5,"₹1,400 for two",North Indian
https://www.zomato.com/pune/blue-water-ravet/info,Blue Water/,N/A,4.4,"₹2,000 for two","North Indian, Chinese, Continental, Sichuan, Italian, Pizza, Oriental, Desserts"
https://www.zomato.com/pune/nipr-bar-kothrud/info,NIPR Bar/,N/A,4.2,"₹1,400 for two","Bar Food, North Indian, Mughlai, Chinese, Maharashtrian, Seafood, Biryani, Desserts"
https://www.zomato.com/pune/filament-bar-wakad/info,Filament Bar/,N/A,4.5,"₹1,800 for two","Turkish, Middle Eastern, North Indian, Continental, Asian"
https://www.zomato.com/pune/addah-the-o-hotel-koregaon-park/info,Addah - The O Hotel/,N/A,4.1,"₹3,000 for two","North Indian, Biryani, Mughlai, Kebab, Desserts"
https://www.zomato.com/pune/6story-koregaon-park/info,6story/,N/A,3.6,₹950 for two,"Continental, Healthy Food, Oriental, Italian, Desserts, Beverages"
https://www.zomato.com/pune/dockway-kitchen-bar-balewadi/info,Dockway Kitchen & Bar/,N/A,4.3,"₹1,600 for two","North Indian, Mughlai, Seafood, Continental, Chinese, Desserts"
https://www.zomato.com/pune/salsa-the-corinthians-nibm-road/info,Salsa - The Corinthians/,N/A,4.0,"₹2,000 for two","Continental, Mexican, Italian, North Indian, Salad, Desserts, Beverages"
https://www.zomato.com/pune/cafe-grains-grills-viman-nagar/info,Cafe Grains & Grills/,N/A,4.3,₹700 for two,"Continental, American, Italian, Shake, Beverages, Thai, Waffle, Oriental"
https://www.zomato.com/pune/urban-bistro-aundh/info,Urban Bistro/,N/A,4.4,₹350 for two,Fast Food
https://www.zomato.com/pune/shivlingam-lavale/info,Shivlingam/,N/A,4.1,"₹1,800 for two","North Indian, Continental, Italian, Chinese, Salad, Fast Food, Ice Cream"
https://www.zomato.com/pune/liit-live-iit-today-balewadi/info,LIIT - Live IIT Today/,N/A,4.0,"₹2,300 for two","Bar Food, North Indian, Continental, Chinese, Pizza, Salad, Desserts"
https://www.zomato.com/pune/asilo-the-westin-pune-mundhwa/info,Asilo - The Westin Pune/,N/A,4.2,"₹3,500 for two","Mediterranean, Asian, Beverages"
https://www.zomato.com/pune/urban-darbar-viman-nagar/info,Urban Darbar/,N/A,4.8,₹700 for two,"North Indian, Chinese, Mughlai, Sichuan"
https://www.zomato.com/pune/good-flippin-burgers-senapati-bapat-road/info,Good Flippin' Burgers/,N/A,4.0,₹600 for two,"Burger, American, Fast Food"
https://www.zomato.com/pune/feast-india-company-baner/info,Feast India Company/,N/A,4.6,"₹1,400 for two","Chinese, Oriental, North Indian, Seafood, Kebab, Desserts, Beverages"
https://www.zomato.com/pune/the-asian-box-baner/info,The Asian Box/,N/A,4.6,₹600 for two,"Asian, Chinese, Malaysian, Thai, Indonesian, Desserts"
https://www.zomato.com/pune/santorini-black-by-hilton-garden-inn-hinjawadi/info,Santorini Black by Hilton Garden Inn/,N/A,4.1,"₹1,500 for two","Bar Food, Continental, North Indian, Beverages"
https://www.zomato.com/pune/360-degree-multicuisine-family-restaurant-bhosari/info,360 Degree Multicuisine Family Restaurant/,N/A,4.3,₹950 for two,"North Indian, Chinese, Kebab, BBQ"
https://www.zomato.com/pune/veggies-bowl-wagholi/info,Veggies Bowl/,N/A,3.8,₹300 for two,North Indian
https://www.zomato.com/pune/just-bengali-restaurant-hadapsar/info,Just Bengali Restaurant/,N/A,4.0,"₹1,000 for two","Bengali, Seafood, Desserts"
https://www.zomato.com/pune/senses-marriott-suites-pune-mundhwa/info,Senses - Marriott Suites Pune/,N/A,4.3,"₹3,500 for two","Continental, Asian, North Indian, Italian, Fast Food, Desserts, Beverages"
https://www.zomato.com/pune/ruhmani-by-hilton-garden-inn-hinjawadi/info,Ruhmani By Hilton Garden Inn/,N/A,4.2,"₹3,000 for two","North Indian, Chinese, Biryani, Desserts, Beverages"
https://www.zomato.com/pune/blue-nile-camp-area/info,Blue Nile/,N/A,3.6,"₹2,000 for two","North Indian, Mughlai, Chinese, Fast Food, Biryani, Ice Cream, Desserts, Beverages"
https://www.zomato.com/pune/kuai-kitchen-koregaon-park/info,Kuai Kitchen/,N/A,4.3,"₹1,800 for two","Chinese, Sushi, North Indian, Seafood, Desserts, Beverages"
https://www.zomato.com/pune/pauls-wanowrie/info,Paul's/,N/A,4.1,₹500 for two,"North Indian, Chinese, Fast Food, Sichuan, Beverages"
https://www.zomato.com/pune/upper-deck-nibm-road/info,Upper Deck/,N/A,4.4,"₹1,600 for two","North Indian, Chinese, Biryani, Oriental, Pizza, Fast Food, Desserts, Beverages"
https://www.zomato.com/pune/lord-petrick-burger-coffee-wakad/info,Lord Petrick Burger & Coffee/,N/A,3.9,₹550 for two,"Cafe, Coffee, Burger, Fast Food, Shake, Beverages"
https://www.zomato.com/pune/carnival-restaurant-and-bar-mundhwa/info,Carnival Restaurant And Bar/,N/A,4.2,"₹2,100 for two","North Indian, Chinese, Continental, Sichuan, Beverages, Desserts, Italian"
https://www.zomato.com/pune/mountain-high-wanowrie/info,Mountain High/,N/A,4.3,"₹1,100 for two","North Indian, Chinese, Seafood, Biryani, Desserts, Beverages"
https://www.zomato.com/pune/awadh5-four-points-by-sheraton-viman-nagar/info,Awadh5 - Four Points by Sheraton/,N/A,4.4,"₹3,000 for two","North Indian, Kebab, Biryani, Desserts"
https://www.zomato.com/pune/chirp-shivaji-nagar/info,Chirp/,N/A,4.3,₹950 for two,"Beverages, Asian, Continental, Healthy Food, Mexican, Middle Eastern"
https://www.zomato.com/pune/dumpling-project-1-aundh/info,Dumpling Project/,N/A,4.5,₹600 for two,"Asian, Chinese, Momos"
https://www.zomato.com/pune/crazy-cheesy-dhanori/info,Crazy Cheesy/,N/A,4.1,₹400 for two,"Pizza, Pasta, Sandwich, Fast Food, Desserts, Coffee, Shake, Beverages"
https://www.zomato.com/pune/burger-king-1-hadapsar/info,Burger King/,N/A,3.5,₹350 for two,"Burger, Fast Food, Beverages"
https://www.zomato.com/pune/grove-pizzeria-baner/info,Grove Pizzeria/,N/A,4.5,₹400 for two,Pizza
https://www.zomato.com/pune/one-o-eight-cafe-koregaon-park/info,One O Eight Cafe/,N/A,4.1,"₹1,200 for two","Cafe, Pizza, Continental, Italian, Bakery, Beverages"
https://www.zomato.com/pune/green-park-baner/info,Green Park/,N/A,3.9,"₹1,800 for two","North Indian, Chinese, Mughlai, Thai, Continental, Mexican, Desserts, Beverages"
https://www.zomato.com/pune/third-wave-coffee-karve-nagar/info,Third Wave Coffee/,N/A,4.0,₹500 for two,"Cafe, Coffee, Tea, Beverages, Sandwich, Fast Food, Desserts, Pizza"
https://www.zomato.com/pune/turque-sayaji-hotel-wakad/info,Turque - Sayaji Hotel/,N/A,4.6,"₹2,000 for two","North Indian, Chinese, Oriental, Mughlai, Desserts, Beverages"
https://www.zomato.com/pune/dohiti-viman-nagar/info,Dohiti/,N/A,4.4,₹500 for two,"Bakery, Desserts, Fast Food, Beverages"
https://www.zomato.com/pune/alice-in-gelato-land-camp-area/info,Alice In Gelato Land/,N/A,3.9,₹500 for two,"Desserts, Ice Cream, Waffle, Coffee, Shake"
https://www.zomato.com/pune/the-place-touche-the-sizzler-camp-area/info,The Place - Touche The Sizzler/,N/A,4.0,"₹1,200 for two",Continental
https://www.zomato.com/pune/haldirams-restaurant-pimple-saudagar/info,Haldiram's Restaurant/,N/A,3.9,₹500 for two,"Mithai, South Indian, North Indian, Healthy Food, Fast Food, Sandwich, Beverages"
https://www.zomato.com/pune/living-room-by-coco-lrc-4-mundhwa/info,Living Room By Coco - LRC/,N/A,4.2,"₹1,700 for two","Asian, Bar Food, Continental, North Indian, Pasta, Fast Food, Desserts"
https://www.zomato.com/pune/5ive-the-skybar-by-radisson-hinjawadi/info,5ive The Skybar By Radisson/,N/A,4.0,"₹3,000 for two","North Indian, Chinese, Biryani, Tex-Mex, Spanish, Mexican, Pizza, Desserts"
https://www.zomato.com/pune/onesta-magarpatta/info,Onesta/,N/A,4.2,₹500 for two,"Pizza, Pasta, Fast Food, Desserts, Beverages"
https://www.zomato.com/pune/quattro-bistro-lonavala/info,Quattro Bistro/,N/A,4.0,"₹1,500 for two","Mexican, Pizza, Fast Food, Desserts, Italian"
https://www.zomato.com/pune/polka-dots-aundh/info,Polka Dots/,N/A,4.4,"₹1,800 for two","Mediterranean, North Indian, Asian, Italian, Biryani, Kebab, Desserts, Beverages"
https://www.zomato.com/pune/sorriso-marriott-suites-pune-mundhwa/info,Sorriso- Marriott Suites Pune/,N/A,4.6,"₹3,500 for two","Italian, Continental"
https://www.zomato.com/pune/tiranga-fc-road/info,Tiranga/,N/A,4.2,₹500 for two,"Biryani, Maharashtrian, North Indian, Kebab, Chinese, Mughlai, Hyderabadi, Seafood"
https://www.zomato.com/pune/ginkgo-kothrud/info,Ginkgo/,N/A,4.5,₹950 for two,"Sushi, Japanese"
https://www.zomato.com/pune/shakam-kothrud/info,Shakam/,N/A,3.5,"₹1,000 for two",North Indian
https://www.zomato.com/pune/mezza--hinjawadi/info,Mezza 9/,N/A,4.1,"₹2,000 for two","North Indian, Biryani, Asian, Continental, Mexican, Oriental, Seafood, Desserts"
https://www.zomato.com/pune/glint-by-plunge-koregaon-park/info,Glint By Plunge/,N/A,4.6,"₹1,900 for two","Chinese, Asian, Mexican, Sandwich, Burger, Pizza, Pasta, Desserts"
https://www.zomato.com/pune/the-great-kabab-factory-radisson-blu-hotel-kharadi/info,The Great Kabab Factory - Radisson Blu Hotel/,N/A,4.3,"₹3,500 for two","Mughlai, North Indian"
https://www.zomato.com/pune/spice-tonic-global-kitchen-bar-wakad/info,Spice & Tonic- Global Kitchen & Bar/,N/A,4.3,"₹1,800 for two","North Indian, Bar Food, Continental, Italian, Chinese, Beverages"
https://www.zomato.com/pune/delhi-grills-koregaon-park/info,Delhi Grills/,N/A,4.1,"₹1,000 for two","North Indian, Mughlai, Rolls"
https://www.zomato.com/pune/dinero-rooftop-pimple-nilakh/info,Dinero Rooftop/,N/A,New,"₹1,500 for two",Modern Indian
https://www.zomato.com/pune/the-food-booth-1-vishrantwadi/info,The Food Booth/,N/A,4.0,₹400 for two,"North Indian, Street Food, Beverages"
https://www.zomato.com/pune/1000-oaks-east-street/info,1000 Oaks/,N/A,4.3,"₹1,800 for two","Chinese, Salad, North Indian, Seafood, Mexican, Desserts"
https://www.zomato.com/pune/swad-gomantak-wakad/info,Swad Gomantak/,N/A,4.2,"₹1,200 for two","Chinese, North Indian, Mughlai, Seafood, Konkan, Biryani, Beverages"
https://www.zomato.com/pune/apache-high-street-baner/info,Apache High Street/,N/A,4.3,"₹1,300 for two","Finger Food, Continental, Salad"
https://www.zomato.com/pune/wrap-n-joy-kharadi/info,Wrap N Joy/,N/A,3.7,₹350 for two,"Fast Food, Burger, Pizza, Sandwich, Shawarma, Momos, Desserts, Shake"
https://www.zomato.com/pune/iron-bar-grill-balewadi/info,Iron Bar & Grill/,N/A,4.5,"₹2,500 for two","Bar Food, Asian, Thai, Pizza, North Indian, BBQ, Kebab"
https://www.zomato.com/pune/backyard-palms-ravet/info,Backyard Palms/,N/A,4.2,"₹1,700 for two","North Indian, Mughlai, Chinese, Continental, Bar Food"
https://www.zomato.com/pune/masala-times-camp-area/info,Masala Times/,N/A,4.3,"₹1,000 for two","North Indian, Chinese, Mughlai, Pizza, Continental, Biryani, Desserts"
https://www.zomato.com/pune/beer-beans-nibm-road/info,Beer & Beans/,N/A,4.3,"₹1,300 for two","Cafe, Italian, Beverages, Coffee, Desserts"
https://www.zomato.com/pune/spice-garden-kothrud/info,Spice Garden/,N/A,4.0,"₹1,000 for two","North Indian, Chinese, Kebab, Mughlai, Seafood, Biryani, Beverages"
https://www.zomato.com/pune/elaichi-pure-veg-baner/info,Elaichi Pure Veg/,N/A,New,"₹1,200 for two","North Indian, Biryani, Continental, Chinese, Pizza, Salad, Desserts, Beverages"
https://www.zomato.com/pune/la-magia-koregaon-park/info,La Magia/,N/A,4.5,"₹2,500 for two","Italian, Pizza, Pasta"
https://www.zomato.com/pune/iyas-korean-kitchen-pashan/info,Iya's Korean Kitchen/,N/A,4.2,"₹1,200 for two","Korean, Chinese, Japanese, Asian, Desserts, Beverages"
https://www.zomato.com/pune/carmine-radisson-blu-hotel-kharadi/info,Carmine Radisson Blu Hotel/,N/A,4.0,"₹3,500 for two","Continental, North Indian, Asian, Seafood, Pizza, Fast Food, Biryani, Beverages"
https://www.zomato.com/pune/punnet-by-eterium-balewadi/info,Punnet By Eterium/,N/A,New,"₹1,400 for two","Biryani, Kebab, North Indian, Desserts"
https://www.zomato.com/pune/tea-villa-cafe-wakad/info,Tea Villa Cafe/,N/A,4.2,₹950 for two,"Cafe, Beverages, North Indian, Continental, Asian, Pizza, Fast Food, Desserts"
https://www.zomato.com/pune/barbecue-experts-lohegaon/info,Barbecue Experts/,N/A,New,"₹1,200 for two","BBQ, Maharashtrian, Biryani, Mughlai, Kebab, Chinese, Shawarma, Desserts"
https://www.zomato.com/pune/punjab-exotica-expressway/info,Punjab Exotica/,N/A,4.1,"₹1,200 for two","Biryani, North Indian, Chinese, Asian, Salad, Kebab, Seafood"
https://www.zomato.com/pune/b-birch-east-street/info,B’ Birch/,N/A,3.9,₹500 for two,Bakery
https://www.zomato.com/pune/meghdoots-bibvewadi/info,Meghdoot's/,N/A,3.7,"₹1,000 for two","North Indian, Chinese, Fast Food, Biryani, Sichuan, South Indian, Desserts, Beverages"
https://www.zomato.com/pune/claypot-kharadi/info,Claypot/,N/A,3.8,₹850 for two,"North Indian, Chinese, Mughlai, Biryani, Seafood, Desserts"
https://www.zomato.com/pune/the-bridge-radisson-blu-hotel-kharadi/info,The Bridge - Radisson Blu Hotel/,N/A,4.1,"₹2,000 for two","North Indian, Mexican, Italian"
https://www.zomato.com/pune/saparito-pizza-kharadi/info,Saparito Pizza/,N/A,3.8,₹300 for two,"Pizza, Pasta, Burger"
https://www.zomato.com/pune/downtown-talawade/info,Downtown/,N/A,3.3,"₹1,100 for two","Continental, Oriental, North Indian, Seafood, Italian, Biryani, Desserts"
https://www.zomato.com/pune/rude-lounge-viman-nagar/info,Rude Lounge/,N/A,4.2,"₹1,900 for two","North Indian, Chinese"
https://www.zomato.com/pune/bubsterrs-bar-kitchen-kharadi/info,Bubsterr's Bar & Kitchen/,N/A,4.4,"₹1,000 for two","Continental, Bar Food, Chinese, Desserts, Finger Food, Grilled Chicken"
https://www.zomato.com/pune/shahi-pune-restaurant-katraj/info,Shahi Pune Restaurant/,N/A,3.7,₹300 for two,"Maharashtrian, Biryani"
https://www.zomato.com/pune/aha-baangali-wakad/info,Aha! Baangali/,N/A,3.6,₹850 for two,"Bengali, Seafood, Biryani, Mughlai, Desserts, Beverages"
https://www.zomato.com/pune/xia-by-hilton-garden-inn-hinjawadi/info,Xia By Hilton Garden Inn/,N/A,4.3,"₹2,500 for two","Chinese, Asian, Japanese, Desserts"
https://www.zomato.com/pune/aur-coffee-nibm-road/info,AUR Coffee/,N/A,New,₹250 for two,"Coffee, Desserts, Tea, Shake"
https://www.zomato.com/pune/tatva-restaurant-and-cafe-lohegaon/info,Tatva Restaurant And Cafe/,N/A,3.8,"₹1,200 for two","Chinese, Continental, Biryani, North Indian, Desserts, Beverages"
https://www.zomato.com/pune/arthurs-theme-koregaon-park/info,Arthur's Theme/,N/A,4.5,"₹1,800 for two","European, Italian, Fast Food, Seafood, Pizza, Pasta, Desserts"
https://www.zomato.com/pune/atithi-pure-veg-2-wakad/info,Atithi Pure Veg/,N/A,3.3,"₹1,200 for two","South Indian, North Indian, Sandwich, Biryani, Chinese, Sichuan, Kebab, Beverages"
https://www.zomato.com/pune/sandwich-express-salunkhe-vihar-road/info,Sandwich Express/,N/A,3.8,₹200 for two,"Sandwich, Fast Food, Beverages"
https://www.zomato.com/pune/rainforest-resto-bar-viman-nagar/info,Rainforest Resto Bar/,N/A,4.2,"₹1,800 for two","North Indian, Chinese, Oriental, Sichuan, Biryani, Continental, Seafood"
https://www.zomato.com/pune/log-house-restaurant-baner/info,Log House Restaurant/,N/A,4.2,"₹1,000 for two","North Indian, Mughlai, Biryani, Chinese, Fast Food, Desserts, Beverages"
https://www.zomato.com/pune/momos-junction-1-wakad/info,Momos Junction/,N/A,3.9,₹300 for two,"Momos, Chinese"
https://www.zomato.com/pune/tiranga-veg-non-veg-pimpri/info,Tiranga Veg Non-Veg/,N/A,4.1,₹500 for two,"Biryani, North Indian, Maharashtrian, Seafood, Mughlai, Kebab, Hyderabadi, Chinese"
https://www.zomato.com/pune/buon-cibo-the-italian-cafe-baner/info,Buon Cibo- The Italian Cafe/,N/A,4.6,₹850 for two,"Mexican, Italian, Continental, Pizza, Pasta"
https://www.zomato.com/pune/dorabjee-sons-camp-area/info,Dorabjee & Sons/,N/A,4.0,₹600 for two,"Parsi, Mughlai, North Indian"
https://www.zomato.com/pune/casa-nostra-1-kharadi/info,Casa Nostra/,N/A,3.4,"₹1,100 for two","North Indian, Italian, Continental, Seafood, Biryani, Chinese, Desserts, Coffee"
https://www.zomato.com/pune/bottle-forest-mundhwa/info,Bottle Forest/,N/A,4.1,"₹1,600 for two","Chinese, Salad, Kerala, Oriental, Italian"
https://www.zomato.com/pune/love-saute-kondhwa/info,Love & Saute/,N/A,4.1,"₹1,200 for two","North Indian, Continental, Chinese, Italian, Salad, Fast Food, Desserts, Beverages"
https://www.zomato.com/pune/brewing-bistro-baner/info,Brewing Bistro/,N/A,4.5,₹700 for two,"Cafe, Continental, Sandwich, Pizza, Pasta, Fast Food, Desserts, Beverages"
https://www.zomato.com/pune/la-grange-bund-garden/info,La Grange/,N/A,4.1,₹700 for two,"Cafe, Bakery, Desserts, Coffee"
https://www.zomato.com/pune/ambrozia-cafe-and-patisserie-viman-nagar/info,Ambrozia Cafe And Patisserie/,N/A,4.3,₹500 for two,"Cafe, Bakery, Italian, Pizza, Sandwich, Fast Food, Desserts, Beverages"
https://www.zomato.com/pune/rihla-bake-house-baner/info,Rihla Bake House/,N/A,3.9,₹400 for two,"Bakery, Desserts, Beverages"
https://www.zomato.com/pune/reeth-aundh/info,Reeth/,N/A,4.1,"₹1,200 for two","Biryani, Goan, South Indian"
https://www.zomato.com/pune/naivedya-thali-restaurant-1-jm-road/info,Naivedya Thali Restaurant/,N/A,3.6,₹250 for two,North Indian
https://www.zomato.com/pune/teerth-taste-of-veg-wakad/info,Teerth - Taste Of Veg/,N/A,4.4,"₹1,000 for two","North Indian, South Indian, Continental, Chinese, Maharashtrian, Biryani, Salad, Desserts"
https://www.zomato.com/pune/360-degree-the-rooftop-restaurant-bar-jm-road/info,360 Degree - The Rooftop Restaurant & Bar/,N/A,4.1,"₹1,400 for two","Beverages, Chinese, North Indian"
https://www.zomato.com/pune/dragonfly-radisson-blu-hinjawadi/info,Dragonfly - Radisson Blu/,N/A,3.9,"₹2,500 for two","Asian, Japanese"
https://www.zomato.com/pune/tiranga-camp-area/info,Tiranga/,N/A,4.2,₹500 for two,"Biryani, Maharashtrian, North Indian, Chinese, Mughlai, Seafood, Kebab, Hyderabadi"
https://www.zomato.com/pune/baba-ramdev-dhaba-nigdi/info,Baba Ramdev Dhaba/,N/A,4.2,₹500 for two,"North Indian, Rajasthani, Chinese, Maharashtrian"
https://www.zomato.com/pune/alto-vino-jw-marriott-pune-senapati-bapat-road/info,Alto Vino - JW Marriott Pune/,N/A,4.4,"₹4,000 for two","Italian, Pizza, Pasta, Asian, North Indian, Bakery, Desserts"
https://www.zomato.com/pune/signature-fine-dining-viman-nagar/info,Signature Fine Dining/,N/A,4.3,"₹1,600 for two","North Indian, Mughlai, Chinese, Seafood, Biryani, Kebab, Desserts, Beverages"
https://www.zomato.com/pune/sicilias-salunkhe-vihar-road/info,Sicilia's/,N/A,New,₹450 for two,"Cafe, Coffee, Continental, Italian, Burger, Fast Food, Desserts, Beverages"
https://www.zomato.com/pune/karolbaug-the-dhaba-hinjawadi/info,Karolbaug The Dhaba/,N/A,3.8,₹850 for two,"Chinese, North Indian, Kebab, Mughlai, Seafood, Ice Cream, Desserts, Beverages"
https://www.zomato.com/pune/tiranga-budhwar-peth/info,Tiranga/,N/A,4.2,₹500 for two,"Biryani, Maharashtrian, North Indian, Seafood, Hyderabadi, Mughlai, Kebab, Chinese"
